author_id,author_name,birthdate,country
1,Michael Johnson,1978-05-17,Myanmar
2,Kirk Banks,2001-04-18,Cuba
3,Benjamin Alvarez,1986-07-22,Lao People's Democratic Republic
4,Karen Mcdonald,1950-09-07,Saudi Arabia
5,Mr. Terry Bernard,1942-02-28,New Caledonia
6,William Macias,1960-03-26,Sierra Leone
7,Heather Russo,1984-07-31,Barbados
8,Steven Smith,1934-02-14,Bosnia and Herzegovina
9,Ashley Rice,1971-06-15,Niger
10,Kevin Matthews,1966-04-09,Holy See (Vatican City State)
11,Timothy Blake,1928-07-27,Tajikistan
12,Mary Williams,1909-06-10,Trinidad and Tobago
13,Jessica Little,1923-03-06,Portugal
14,Nicole Thomas,2021-09-22,Netherlands
15,Lauren Ayala,1988-08-13,Mauritania
16,Sharon Moore,1979-09-10,Wallis and Futuna
17,Anthony Huffman,1917-04-28,Hungary
18,Jimmy James,1936-04-03,New Zealand
19,Gabrielle Byrd,2010-01-28,Saint Lucia
20,Brandy Miller,1955-12-29,Isle of Man
21,Nicole Schwartz,1984-04-01,Guatemala
22,Philip Valencia,1954-11-24,Samoa
23,Tracy Lawrence,1914-04-17,Belarus
24,Christine Miller,2013-09-22,Lithuania
25,Jeremy Warren,1962-10-26,Cocos (Keeling) Islands
26,Darryl Ross,1934-10-13,Timor-Leste
27,Kevin Allen,1940-04-04,Benin
28,James Gould,1923-03-06,Cayman Islands
29,Rebecca Young,1971-10-11,Central African Republic
30,Jason Daniels,1997-07-31,Netherlands Antilles
31,Taylor Hess,2008-05-09,Madagascar
32,Jessica Campbell,1975-03-27,Cambodia
33,Mark Wallace,2017-09-17,Zimbabwe
34,Leslie Gibson,1964-07-29,Tajikistan
35,Gabriel Young,2001-12-10,Greenland
36,Brandy Barrett,1942-09-21,Guatemala
37,Barry Hurst,1992-03-21,Mayotte
38,Monica Soto,1916-06-20,China
39,Lori Evans,1924-07-06,Austria
40,James Carter,1947-07-04,Saint Helena
41,Jennifer Barnes,1980-02-17,United Arab Emirates
42,Sierra Wilson,1995-06-27,Puerto Rico
43,Jonathan Mann,1968-02-26,Isle of Man
44,Mr. Daniel Parker,2009-10-02,Mauritania
45,Joshua Williams,1979-11-01,Armenia
46,Megan Thompson,1930-07-10,Turks and Caicos Islands
47,Matthew Brown,1964-08-05,Montenegro
48,Paul Soto,1945-03-14,Wallis and Futuna
49,Michael Webb,1961-03-20,Kyrgyz Republic
50,Jorge Mcconnell,1934-09-01,Honduras
51,Gina Webster,1912-01-18,Angola
52,Jessica Morris,2006-05-09,Malaysia
53,Natalie James,1965-05-28,Botswana
54,Sandra Short,1945-05-28,Netherlands
55,Sharon Rodriguez,1983-03-31,Poland
56,Wendy Phillips,2020-07-13,Turkey
57,Timothy Grimes,1993-01-10,Sri Lanka
58,Christopher Santos,2014-07-01,Grenada
59,Kimberly Boyer,2018-11-01,Cayman Islands
60,Jason Simmons,1988-06-11,Benin
61,Krystal Davis,1929-05-24,Hungary
62,Robin Ponce,1969-11-24,Uzbekistan
63,Jennifer Smith,1942-02-05,Mozambique
64,Daniel Butler Jr.,1989-08-22,Norway
65,Dillon Nelson,2003-11-17,Bermuda
66,John Griffith,1991-11-07,Togo
67,Kara Odonnell,2006-02-24,Taiwan
68,Alexis Walker,1955-08-12,Slovenia
69,Karen Adams,1998-07-17,Germany
70,Meghan Morton,2000-05-18,Ireland
71,Elizabeth Lewis,1943-09-22,Malta
72,Jennifer Jones,1973-12-06,Seychelles
73,Jessica Wright,2003-01-28,Gambia
74,Elizabeth Roberts,2006-03-26,Slovenia
75,Stephen Harmon,1964-10-11,Bhutan
76,Brandon King,1958-09-09,Israel
77,Tara Smith,2005-02-09,Korea
78,David Lester,1978-08-04,Turkmenistan
79,Gabriela Daniels,1991-03-27,Rwanda
80,John Flores,1972-06-10,Ecuador
81,Kimberly Gray,1923-08-05,Tuvalu
82,John Villa,2007-02-26,United States of America
83,Daniel Cooper,1996-04-23,Marshall Islands
84,Hayley Wade,1945-01-12,San Marino
85,Megan Maldonado,1970-07-04,Mali
86,Haley Lopez,2012-11-26,Uzbekistan
87,Travis Norman,2021-02-23,Niue
88,Courtney Richards,1923-03-29,Palau
89,Carlos Johnston MD,1990-05-28,Chile
90,Bryan Kennedy,1939-10-30,Cape Verde
91,Jenna Wolfe,2010-02-09,Lebanon
92,James Murphy,1923-08-15,Dominica
93,Erin Nichols,1961-06-23,Sweden
94,Mark Morales,1919-03-08,Bhutan
95,Teresa Russell,2021-03-17,Gambia
96,Stacy Phillips,2011-09-13,Canada
97,Gabriel Jones,2020-01-26,Ukraine
98,Christopher Gonzalez,1966-12-15,Spain
99,Tammy Long,1912-09-16,Belgium
100,Sandra Mathis,2006-04-23,Dominican Republic
101,James Young,2013-02-23,Trinidad and Tobago
102,Corey Maldonado,1909-10-02,El Salvador
103,Kevin Larsen,1976-09-11,Canada
104,Jack Banks,2004-11-12,Cameroon
105,Peter Smith,1937-07-31,Guinea
106,Natalie Taylor,1978-08-13,Liberia
107,Brian Cunningham,2020-12-10,Chad
108,Mr. Kenneth Taylor,2022-04-14,Finland
109,Steven Ferguson,1920-08-02,Afghanistan
110,Mark Fleming,2018-07-15,Cook Islands
111,Charles Sims,1952-01-05,Armenia
112,Anthony Massey,1997-12-26,New Caledonia
113,Sandra Li,1942-10-02,San Marino
114,Dennis Levy,2004-07-15,Philippines
115,Raymond Moss,1937-08-02,Jersey
116,Laurie Fernandez,1983-10-18,Italy
117,Wesley Flores,2005-08-18,Slovenia
118,Lynn Fry,1958-06-12,Iceland
119,Justin Adams,1990-06-11,Falkland Islands (Malvinas)
120,Dr. John Benjamin,1928-07-08,Puerto Rico
121,Michael Townsend,1942-07-13,British Virgin Islands
122,Janet Stephenson,1994-08-27,Anguilla
123,David Gaines,1922-12-20,Niger
124,Angela Cardenas,2000-10-04,Christmas Island
125,Jeffery Allen,1932-11-05,Cyprus
126,Edward Lang,1919-08-19,Netherlands Antilles
127,Miranda Bennett,1929-09-12,Nepal
128,Tracey Smith,1943-02-03,Gabon
129,Jennifer Mercado,1926-12-12,San Marino
130,Laurie Lamb,1992-05-30,Uruguay
131,Craig Butler,1930-01-01,Qatar
132,Benjamin Cummings,1961-05-06,Bermuda
133,Katie Lee,2016-07-18,Saint Helena
134,Christopher Adams,1954-09-08,Belize
135,Mary Smith,1972-06-28,Bouvet Island (Bouvetoya)
136,Christopher Tucker,1980-07-23,Georgia
137,Juan Cook,1986-10-17,Lesotho
138,James Davenport,1956-10-24,Romania
139,Mandy Zimmerman,1926-07-30,Turkmenistan
140,Tara Vaughn,2006-11-03,Papua New Guinea
141,Madison Hunter,1921-08-16,Botswana
142,Steven Jones,1919-12-05,Indonesia
143,Kayla Mason,1970-09-04,Suriname
144,Andrew Christian,2020-11-26,Italy
145,Michael Green,1960-12-30,Thailand
146,Peter Smith,1999-06-24,Jordan
147,Timothy Hale,1961-06-15,Slovakia (Slovak Republic)
148,Briana White,1977-06-03,South Africa
149,Joseph Lambert,1939-04-02,Monaco
150,Mark Lucero,1940-11-14,Somalia
151,Karl Frederick,1952-04-25,Saint Pierre and Miquelon
152,Kevin Lee,2023-02-19,Peru
153,Rachael Singh,1949-08-28,United States of America
154,Jacqueline Tran,1975-03-18,Lao People's Democratic Republic
155,Kristin Turner,1966-11-09,Iceland
156,Timothy Thomas,2004-01-14,Kenya
157,Ryan Singleton,1937-05-14,Antarctica (the territory South of 60 deg S)
158,Thomas Campbell,1931-08-25,Brunei Darussalam
159,Jeffrey Villanueva,1921-09-23,Mauritania
160,James Gilbert,1958-12-04,Kenya
161,Robert Vaughn,1944-12-09,Philippines
162,Kimberly Cox,1957-03-28,Malawi
163,Patrick Miller,1925-04-22,Sudan
164,Steven Allen,1983-01-04,Bahrain
165,Keith Harper,1950-03-26,Saint Pierre and Miquelon
166,Richard Klein,1977-06-10,Andorra
167,Veronica Patel,1920-10-16,Romania
168,Glenn Washington,1953-09-24,Mexico
169,Craig Guerra,1948-09-10,Indonesia
170,Brian Price,2006-10-25,Congo
171,Aaron Collins,1948-08-27,Uzbekistan
172,Shawn Mills,1926-02-28,Liberia
173,Sarah Anderson,2022-06-21,Chile
174,Miguel Ryan,1988-02-08,China
175,April Mcpherson,1919-02-20,Fiji
176,Alexa Adams,2023-08-26,Saint Helena
177,Nicholas Bridges,2013-04-10,Iceland
178,Raymond Robinson,2018-05-30,Burundi
179,Heather Fitzgerald,1947-08-12,Netherlands Antilles
180,Amanda Lewis,1966-07-31,Bahrain
181,Natalie Ramsey,2005-03-12,Argentina
182,Michelle Rivera,1959-05-15,Gibraltar
183,Dustin Lopez,1961-09-30,Albania
184,Cory Glover,1951-06-24,Pakistan
185,Hector Burton,1957-08-24,British Virgin Islands
186,Catherine Montgomery,1998-10-04,China
187,Teresa Wright,1981-03-03,Denmark
188,Andrea Nelson,1909-10-03,Jordan
189,Benjamin Greene,1982-05-16,Yemen
190,Jennifer Harrison,1936-01-16,American Samoa
191,Susan Fields,1967-07-26,Bahamas
192,Diana Russo,2010-04-05,Bahamas
193,Karen Hernandez MD,1935-01-29,Vanuatu
194,Kristine Burke,1914-02-14,Niger
195,Andrea Rose,1909-01-31,Barbados
196,Crystal Riddle,1972-02-14,Kyrgyz Republic
197,Dillon Terrell,1923-02-01,Northern Mariana Islands
198,Joshua Hernandez,1971-02-20,Mali
199,Victoria Nichols,1911-05-02,Iraq
200,Stacy Martin,2006-11-12,Saudi Arabia
201,Laura Chapman,1959-01-24,Christmas Island
202,Jessica Martinez,1959-11-10,Jordan
203,Robert Stevenson,1979-10-12,Turks and Caicos Islands
204,Rebecca Nichols,1909-10-05,Costa Rica
205,Christina Potter,2012-11-15,Libyan Arab Jamahiriya
206,Peter Vazquez,2021-05-29,Saint Kitts and Nevis
207,Cheryl Griffith,2019-03-07,Cook Islands
208,Nicole Davis,1938-04-15,Cote d'Ivoire
209,Stanley West,1974-01-14,Timor-Leste
210,Sabrina Lopez,1964-06-05,Kenya
211,Anthony White,1989-05-21,United States Virgin Islands
212,Peggy Escobar,2013-07-06,Sudan
213,Heather Rivera,1935-07-22,Norfolk Island
214,Crystal Snyder,2013-08-17,Mayotte
215,Joshua Gonzalez,1968-04-13,Jordan
216,Robert Kim,1985-07-07,Greenland
217,Erin Lopez,1926-06-13,Equatorial Guinea
218,Julie Mathews,2000-04-15,Sri Lanka
219,Dr. Jason Riddle DDS,1983-08-20,Russian Federation
220,Wendy Cohen,1951-12-15,Cameroon
221,Steve Harris,1962-08-25,Zambia
222,Cynthia Harris,1964-02-02,Congo
223,John Murray,1939-01-24,Pitcairn Islands
224,Christopher Hampton PhD,1993-12-12,Wallis and Futuna
225,Benjamin Gibson,1981-08-03,Cyprus
226,Mr. Brandon Harvey,1945-09-01,Egypt
227,Morgan Golden,2005-02-11,Kenya
228,Christopher Mccarthy,2014-03-29,Martinique
229,Sarah Bell,2015-04-19,Nepal
230,Oscar Sheppard,1913-09-28,Togo
231,Cassandra Maynard,1955-09-25,Syrian Arab Republic
232,Thomas Zavala,1967-08-13,Romania
233,Shawn Nash,1974-10-13,Palestinian Territory
234,Bruce Brown,1975-07-29,Cayman Islands
235,Timothy Rowe,2023-08-06,Czech Republic
236,Jerry Johnson,1937-11-29,Kyrgyz Republic
237,Robert Norris,1998-09-06,Luxembourg
238,John Richmond,1913-07-25,Seychelles
239,Sharon Clark,1958-07-15,Dominica
240,Sandra Cox,1956-01-02,Zambia
241,Beth Patel,1978-05-15,Dominica
242,John Gray,1922-09-30,Paraguay
243,Bobby Villa,2016-11-01,Moldova
244,Fernando Graves,1950-06-02,French Guiana
245,Melissa Clark,1994-06-05,Bermuda
246,Dr. Marissa Hamilton,1973-10-18,Lithuania
247,Pamela Thomas,1940-07-04,Guyana
248,Kim Martin,1992-05-05,Martinique
249,Lori Coleman,1920-05-29,Uganda
250,Elizabeth Johnson,2016-11-22,El Salvador
251,John Moore,1948-09-29,Dominica
252,Wendy Reid,1984-02-20,Nigeria
253,Alicia Barry,1970-07-21,Kiribati
254,Jessica Robbins,2016-07-07,Greece
255,Elizabeth Stein,1936-03-07,Iraq
256,Deborah Lewis,2002-07-19,Syrian Arab Republic
257,Michael Smith,1984-10-15,Iceland
258,Christopher Shaw,2020-01-20,Macao
259,Melissa Tucker,1991-10-01,Ukraine
260,Ryan Sims,1932-02-10,Uruguay
261,Mary Rodriguez,1973-09-15,Latvia
262,Patrick Medina,2004-12-12,Dominica
263,Austin Escobar,1957-09-29,South Georgia and the South Sandwich Islands
264,John Thompson,1995-06-15,Benin
265,Zachary Smith,1944-06-10,Maldives
266,Nathan Smith,2023-08-23,Bhutan
267,Charles Frank,2003-10-31,Mongolia
268,Theresa Simpson,2001-12-01,Suriname
269,Elizabeth Bates,1935-11-11,Lithuania
270,Christine Gonzalez,2007-07-11,Taiwan
271,Kendra Harris,1988-07-14,Congo
272,Karen Russell,1912-04-11,Cyprus
273,Brittany Benitez,1909-04-28,Rwanda
274,Anthony Soto,1967-04-11,Hungary
275,Jorge Hughes,1979-10-10,Moldova
276,Charles Stevens,2024-06-24,Kiribati
277,Adam Jones,1934-12-10,Andorra
278,Carrie Kirk DDS,1946-11-19,Albania
279,Tracy Evans,1990-11-26,Bouvet Island (Bouvetoya)
280,Tracy Torres,1917-05-31,South Africa
281,Brian Hernandez,1962-06-03,Turkey
282,Eric White,2016-09-23,Venezuela
283,Jose Rodgers,1963-03-25,Madagascar
284,Tommy Jones,1953-11-25,Tuvalu
285,Linda Gregory,1976-07-05,Mongolia
286,Sara Smith,2013-03-21,Mauritius
287,Shawn French,1973-09-07,Malaysia
288,Steven Key,2005-12-15,South Africa
289,Mark Dillon,1985-12-04,El Salvador
290,Christina Hoffman,1917-11-06,Guinea-Bissau
291,Michelle Lee,1954-08-16,Zimbabwe
292,Robert Gilbert,2005-12-20,Liberia
293,Jonathan Torres,1937-03-25,United States Minor Outlying Islands
294,Carolyn Miller,1982-10-07,Mozambique
295,Amber Williams,1993-08-11,Fiji
296,Andrew Caldwell IV,1931-05-30,Thailand
297,Timothy Fowler,1960-10-24,Korea
298,Christie Delgado,1970-08-26,Switzerland
299,Jonathan Davies,1928-07-30,Holy See (Vatican City State)
300,Kelsey Foster,1985-04-20,Burkina Faso
301,Jill Marks,2010-12-17,United States of America
302,Brian Powell,1957-10-31,Equatorial Guinea
303,Taylor Logan,1918-11-14,Micronesia
304,Jonathan Patterson,1987-09-07,Saint Kitts and Nevis
305,Carlos Moreno,1977-05-20,Niger
306,Jack Wilkins,1940-03-05,Afghanistan
307,Jessica Phillips MD,2005-01-30,Bosnia and Herzegovina
308,Susan Bailey,1951-08-09,United States of America
309,Nicole Miller,1993-11-23,Montenegro
310,Elizabeth Crawford,2004-01-03,Guinea
311,Jose Thomas,1924-01-01,Equatorial Guinea
312,Sandy Davis,1917-11-12,Sudan
313,Carla Kelley,1928-08-29,Turks and Caicos Islands
314,Willie Webb,1962-11-19,Chad
315,Laura Solis,1992-10-26,Korea
316,Beverly Tanner,2003-08-03,Congo
317,Joel Rollins,1980-05-19,New Zealand
318,Madison Gray,2008-02-28,Belgium
319,Justin Smith,1988-10-08,Equatorial Guinea
320,Nicholas Perez,1966-12-23,Saint Vincent and the Grenadines
321,Nicole Butler,1984-12-16,Congo
322,Christopher Chang,1998-10-09,Svalbard & Jan Mayen Islands
323,David Reynolds,1966-03-11,Tuvalu
324,Morgan Keller,1918-11-19,Congo
325,Pamela Thornton,1924-05-04,Lesotho
326,Matthew Munoz,2012-01-13,Bhutan
327,Patricia Obrien,1992-05-18,Saint Lucia
328,Rose Griffin,1958-08-06,Sudan
329,David Carter,1946-01-09,Antarctica (the territory South of 60 deg S)
330,Kristin Hernandez,1941-03-08,Jordan
331,Michael Weaver,1940-10-03,Madagascar
332,Molly Smith,1972-02-13,New Zealand
333,Kurt Mckenzie,1942-05-21,Antarctica (the territory South of 60 deg S)
334,Sara Logan,1981-10-30,San Marino
335,Chad Frost,1940-06-08,Libyan Arab Jamahiriya
336,Janet Collier,1986-06-01,Sao Tome and Principe
337,Amber Jacobs,1961-08-22,British Virgin Islands
338,Theresa Bell,1974-05-05,San Marino
339,Richard Smith,2003-12-15,Israel
340,Stephen Wilson,2006-10-17,Ecuador
341,Taylor Hall,1951-11-06,Christmas Island
342,Holly Strickland,1969-05-12,Costa Rica
343,Samuel Escobar,1924-06-16,Singapore
344,Kristina Barron,1987-11-19,Netherlands Antilles
345,John Taylor,2010-01-02,Western Sahara
346,Taylor Serrano DDS,1939-02-14,Australia
347,Matthew Morgan,2008-09-12,Congo
348,Christina Spence,1996-05-20,Martinique
349,Jessica Khan,1967-10-31,Tunisia
350,Luis Hill,1968-05-13,North Macedonia
351,Kenneth Alvarado,1935-01-18,Antarctica (the territory South of 60 deg S)
352,Eric Peters,1940-02-27,Bhutan
353,Stephen Daniels,2001-05-04,Gambia
354,Kimberly Carter,1940-02-03,Dominican Republic
355,Carl Smith,2009-09-06,Algeria
356,Albert Mckinney,1958-12-16,Norfolk Island
357,Kimberly Cross,1984-07-26,Saint Barthelemy
358,Sarah Hardin,1919-10-21,Uzbekistan
359,Eric Wilson,2003-12-18,Puerto Rico
360,Richard Mclean,1971-06-14,Andorra
361,Maria Patel,1909-02-02,Uganda
362,Kimberly Crawford,1983-11-11,Cote d'Ivoire
363,Mario Jenkins,1952-12-22,Czech Republic
364,Phillip Ruiz,1941-03-12,Philippines
365,Karina Alexander,1910-09-01,Senegal
366,Jennifer Camacho,1982-06-14,Colombia
367,Troy Love,1971-01-30,Lebanon
368,Patricia Scott,2020-12-05,Grenada
369,Connie Wallace,1919-06-07,Norfolk Island
370,Suzanne Erickson,1942-07-20,Saint Lucia
371,Carla Roberts,1938-06-20,Palestinian Territory
372,Tina Mcdonald,2022-12-03,Tajikistan
373,Savannah James,1941-07-29,Aruba
374,Karen Robinson,1969-03-15,Belize
375,Sean Taylor,2020-07-04,Lithuania
376,Christopher West,1923-11-28,Tajikistan
377,Eric Mata,2000-05-14,Bolivia
378,Henry Werner,1996-10-22,France
379,Sarah Barnett,1980-08-10,Cape Verde
380,Mr. James Roberts DDS,2011-10-03,Nepal
381,Joseph Case,2021-10-23,Albania
382,Beverly Obrien,1924-09-17,Bosnia and Herzegovina
383,Justin Clarke,2022-05-13,Afghanistan
384,Jessica Boyd,2014-08-26,Iraq
385,Rachel Brady,1958-04-27,Nicaragua
386,Stephanie Davis,1932-02-04,Norway
387,Robert Gonzalez,1924-05-05,Kiribati
388,Nicole Sanders,2021-01-22,Grenada
389,Crystal Smith,1943-09-26,Argentina
390,Elizabeth Bridges,1983-12-14,Turkey
391,Steven Jordan,2002-10-18,French Polynesia
392,Troy Morgan,1992-09-08,Iran
393,Andrew Franco,2003-02-18,British Virgin Islands
394,Andrea Young,1929-02-25,Tokelau
395,Laura Scott,2021-05-21,Poland
396,Dr. Nancy Fernandez PhD,1924-04-11,Brazil
397,Erik Hill,1918-10-23,Myanmar
398,Jeffrey Thomas,1918-11-04,Central African Republic
399,Lindsey Rice,1940-12-18,Cambodia
400,Xavier Warren,1928-07-21,Dominica
401,Patricia Adkins,1984-01-26,Ecuador
402,Fred Dennis,1985-11-04,Canada
403,Alexandra White,1916-01-19,United States Virgin Islands
404,Kim Wilcox,2012-11-26,Ghana
405,Kayla Hudson,1931-11-24,Isle of Man
406,Jackie Ferguson,1984-08-03,Malaysia
407,Victoria Simpson,1958-03-18,Belarus
408,Jeanne Velazquez,2000-02-09,Austria
409,Kelly Smith,1924-04-30,Uzbekistan
410,William Anderson,1971-08-30,North Macedonia
411,Jennifer Daniels,1955-08-16,Turkmenistan
412,Russell Roth,1963-10-09,Serbia
413,Richard Boyd,1954-03-03,Bulgaria
414,Emily Potter,1985-04-11,Iraq
415,Joel Morris,1924-10-05,Turkey
416,Hannah Johnson,1994-06-20,Zambia
417,John Frost,1951-08-18,United Arab Emirates
418,Karen Bennett,1985-07-10,Palau
419,Tracy Manning,1924-11-20,Maldives
420,Zachary Shah,1955-01-13,Saint Barthelemy
421,Sarah Harrison,1997-01-24,Singapore
422,Maria Romero,1931-05-10,Ecuador
423,Bill Salas,1980-03-17,Finland
424,Randy White,1999-01-21,Kenya
425,John Ellis,1970-03-17,Rwanda
426,James Wilson,2004-10-02,Central African Republic
427,James Kirk,1931-03-13,Lithuania
428,Jake Cain,1987-09-24,Macao
429,Valerie Maldonado,1917-11-06,Eritrea
430,Brianna Thomas,1924-03-24,Turks and Caicos Islands
431,Valerie Gonzalez,1938-04-04,Samoa
432,Taylor Luna,1923-03-26,Korea
433,Kimberly Lee,1953-06-06,United States Virgin Islands
434,Ashley Flores,1918-10-25,Namibia
435,Brenda Kim,1969-03-22,Peru
436,Robert Kane,1979-12-04,Hong Kong
437,Rebecca Duncan,1961-07-01,British Virgin Islands
438,Janice Dunn,1946-12-14,Saint Kitts and Nevis
439,Karen Dominguez,1939-09-29,Papua New Guinea
440,Sherry Lopez,1951-09-05,Paraguay
441,Candace Briggs,1968-10-31,Guernsey
442,Nicole Davis,1937-11-15,Congo
443,Michelle Greene,1994-03-11,Malawi
444,Sara Martin,1926-09-19,Botswana
445,Andrew Brown,2008-05-29,Benin
446,Tiffany Stone,1968-10-07,Vanuatu
447,Antonio Davenport,1917-04-08,Serbia
448,Mr. Stephen Simpson,1955-07-08,Marshall Islands
449,Nicole Hall,1969-12-28,Syrian Arab Republic
450,Michael Martin,2001-03-17,Bulgaria
451,Mary Reid,1951-12-12,Somalia
452,Allison Thomas,1970-03-30,Qatar
453,Stephanie Rhodes,1973-01-12,Mauritania
454,Mallory Stewart,1968-09-05,Belize
455,Robert Anderson,1961-03-20,Belize
456,Shane Barry,1951-09-15,Egypt
457,Anthony Keller,1955-04-29,Guyana
458,Craig Adams,1909-01-01,Czech Republic
459,Amy Payne,1982-08-29,Palestinian Territory
460,Carl Juarez,2006-07-24,Isle of Man
461,Glenn Bennett,1955-09-06,Djibouti
462,Vickie Harrell,1955-10-03,Armenia
463,Jennifer Davis,1920-05-20,Serbia
464,Monica Cooper,1947-07-20,Cyprus
465,Michelle Lowery,1944-03-13,British Indian Ocean Territory (Chagos Archipelago)
466,Lisa Brown,1963-12-28,Armenia
467,Thomas Nguyen,1986-06-10,Venezuela
468,Darryl Webb,1922-11-06,Lesotho
469,Jessica Miller,1964-10-18,Bahrain
470,Sherri Jenkins,1948-12-02,Angola
471,Debra Walsh,1935-08-20,Libyan Arab Jamahiriya
472,Eric Fisher,2019-11-20,British Indian Ocean Territory (Chagos Archipelago)
473,Eric Adams,1994-05-15,Bhutan
474,Sydney Patel,1967-09-21,Ukraine
475,Herbert Turner,2013-06-14,Cayman Islands
476,Matthew Hill,1944-10-17,Eritrea
477,Joseph Mays,1978-11-23,Djibouti
478,Jill Singh,1996-04-19,Malta
479,Jill Wolfe DDS,1989-11-14,Marshall Islands
480,Travis Wilson,1957-08-23,Guadeloupe
481,Travis Nicholson,1997-09-30,Montserrat
482,Joshua Blake,2021-07-23,Brazil
483,Austin Nelson,2003-12-23,Cocos (Keeling) Islands
484,Michelle Calhoun,1958-12-04,Equatorial Guinea
485,Daniel Smith,1961-02-24,Myanmar
486,Kayla Bass,1937-10-12,Maldives
487,Alexandria Horn,1971-06-08,Belarus
488,James Herrera,1976-02-02,Grenada
489,Robert Hodges,2016-09-05,Grenada
490,Nancy Hale,1993-05-25,Palau
491,Randy Salazar,1912-04-29,Afghanistan
492,Sean Smith,1946-03-26,Nepal
493,Jennifer Orr,1990-03-02,Kazakhstan
494,Michael Douglas,1931-03-12,Dominica
495,Mary Parker,1961-03-17,Egypt
496,Kimberly Calderon,1972-10-22,Bolivia
497,Derek Lewis,2000-04-08,Western Sahara
498,Ashley Lopez,1971-09-01,Azerbaijan
499,Holly Juarez MD,2005-02-19,Turkmenistan
500,Kiara Byrd,2010-11-15,Pakistan
501,Maurice Webb,1958-04-22,Kazakhstan
502,Monica Rollins,2001-08-22,Turkmenistan
503,Jeremy Harrison,1933-03-17,Belize
504,Robert Spears,2013-09-30,Sweden
505,Deborah Ross,1943-04-30,San Marino
506,Tammy Orr,2010-09-29,France
507,Dennis Krause,1977-08-07,Germany
508,Julie Murillo,2001-07-30,Togo
509,Barbara Vargas,1937-05-01,Niger
510,Martha Johnston,2009-05-14,Uzbekistan
511,Autumn Tran,1939-02-06,Lebanon
512,Joshua Bryant,1986-03-14,French Guiana
513,Pamela Jones,1979-09-26,Samoa
514,Brooke Martin,1915-11-13,Kyrgyz Republic
515,Samantha Fernandez,1990-07-05,Peru
516,Kevin Cameron,1958-06-24,Nigeria
517,Danielle Meyers,1997-06-17,Namibia
518,Alyssa Jackson,2000-07-22,Gambia
519,Brandon Shaffer,2006-03-25,Cuba
520,Hannah Gill,2014-03-20,Serbia
521,Keith Higgins,1995-08-26,Reunion
522,Lindsay Johnson,1998-04-23,Suriname
523,Douglas Moore,1927-11-29,Mexico
524,Brandon Davis,1961-12-13,Nigeria
525,Lindsay Ross,2022-11-29,Taiwan
526,Sharon Scott,2004-01-18,Central African Republic
527,Carl Phillips,1958-10-22,Oman
528,Robert Walker,1935-02-22,Armenia
529,Dr. Albert Bell,2009-01-03,Ethiopia
530,Amber Ritter,1970-08-21,Paraguay
531,Edward Anderson,1949-11-26,Egypt
532,Anthony Hernandez,1979-02-06,Nauru
533,Robert Watkins,1994-03-01,Ecuador
534,Stephanie Clark,1993-03-21,Lebanon
535,Michael Ramirez,2013-12-26,Armenia
536,Julie Cruz,1949-09-27,Brazil
537,Amanda Johnson,1969-07-05,Croatia
538,Jasmin Diaz,1986-03-02,Anguilla
539,Eric Weaver,2021-11-16,Monaco
540,Emily Sanders,1914-10-07,Brazil
541,Samuel Hernandez,2016-09-29,Bulgaria
542,Louis Phillips,2010-06-18,Zambia
543,Robert Sanchez,2018-04-29,Jordan
544,Shawna Jenkins,1922-04-26,Jordan
545,Kenneth Gardner,1994-08-07,Mozambique
546,Ryan Brown,1921-06-29,British Virgin Islands
547,Kelly Parks,1946-09-30,Saint Barthelemy
548,Stephanie Green,1970-03-17,Georgia
549,Kirk Smith,2004-09-03,Western Sahara
550,Frances Dixon,2014-09-07,Aruba
551,Timothy Nelson,1911-07-09,Lithuania
552,Margaret Rogers,1933-02-01,United States of America
553,Barbara Everett,1998-04-14,Saint Helena
554,John Collins,1976-04-29,Saint Pierre and Miquelon
555,Elizabeth Jones,2022-01-11,San Marino
556,Amanda Walters,2020-06-04,Thailand
557,Eric Martin,1924-08-11,Thailand
558,Melissa Thomas,1967-11-11,Uzbekistan
559,Jerry Watts,1961-05-10,Nigeria
560,Amy Cochran,1950-04-28,Slovenia
561,Seth Cannon,2008-06-05,United States of America
562,Matthew Watson,1927-06-05,Papua New Guinea
563,Jonathan Morgan,2006-04-15,Iran
564,Kyle Smith,2020-11-13,Western Sahara
565,Elizabeth Serrano,1933-05-06,New Zealand
566,Laura Phelps,2006-05-24,Dominican Republic
567,Christopher Parker,1945-06-26,Zimbabwe
568,Jared Martin,1962-02-17,Dominican Republic
569,Sharon Mccullough,1997-10-02,Estonia
570,Philip Jones,1989-04-20,American Samoa
571,Crystal Murray,1956-01-14,Estonia
572,Amanda Graham,1982-06-21,French Guiana
573,Daniel Castillo,1913-05-26,Switzerland
574,Timothy Hahn,2007-02-07,Tonga
575,Allen Poole,2021-01-16,Czech Republic
576,Jessica Miller,1981-01-20,Reunion
577,Yvonne King,1987-03-11,Saint Pierre and Miquelon
578,Aaron Barrett,1916-08-30,Slovakia (Slovak Republic)
579,Christine Kelly,1996-05-09,Ethiopia
580,Mrs. Alexandra Miller,1937-05-25,Nepal
581,Diana Wright,2007-09-18,Cook Islands
582,Patricia Richardson,1920-12-06,South Africa
583,Peter Davis,1931-03-13,Holy See (Vatican City State)
584,Karen Spencer,1982-02-04,British Indian Ocean Territory (Chagos Archipelago)
585,Jeffrey Patterson,2004-12-06,Luxembourg
586,Kelly Thompson,1964-07-18,Mayotte
587,Connie Henderson,1943-06-13,Sri Lanka
588,Ashley Brown,1929-04-08,Colombia
589,Christina Richards,2018-07-25,Equatorial Guinea
590,Patricia Gonzalez,1960-06-18,Libyan Arab Jamahiriya
591,Anna Johnson,1945-04-21,Niger
592,Paul Miller,1977-05-18,Saint Kitts and Nevis
593,John Robinson,1998-06-08,Bahrain
594,Vicki Underwood,1914-09-26,Palestinian Territory
595,Ryan Cole,1974-12-19,Timor-Leste
596,Craig Smith,1922-05-29,Kazakhstan
597,Becky Marquez,1982-07-31,United Arab Emirates
598,Maria Andersen,1914-10-22,Somalia
599,April Fletcher,1909-08-08,Iraq
600,William Green,1993-05-17,Afghanistan
601,Michael Cuevas,1920-03-09,Lao People's Democratic Republic
602,Gregory Mooney III,1987-06-29,British Virgin Islands
603,Cindy Graves,1915-09-07,Tokelau
604,Alexis Henderson,1970-08-29,Mongolia
605,Erica Mitchell,1918-12-28,Ukraine
606,Jeffrey Baker,1925-04-28,Hong Kong
607,Regina Simmons,1953-02-16,Holy See (Vatican City State)
608,Kyle Spencer,1993-10-11,Algeria
609,Gloria Gray,1939-02-11,Christmas Island
610,Gregory Saunders,1950-07-01,Haiti
611,Joshua Herman,2014-12-27,Netherlands Antilles
612,Robert Frey,1964-12-14,Reunion
613,Jessica Hall,1911-04-19,Cape Verde
614,Sarah Reed,1930-12-01,Ethiopia
615,Erik Frank,1979-05-01,Marshall Islands
616,William Guerrero MD,1965-04-10,Norfolk Island
617,Abigail Conner,1995-09-18,Serbia
618,Alexander Shea,1992-08-01,Egypt
619,Thomas Perez,1976-01-24,Greece
620,Rachael Dean,1948-03-08,Moldova
621,Jennifer Wood,2002-07-29,Equatorial Guinea
622,Tracey Harris,1994-06-07,Cayman Islands
623,Joshua Lucas,1924-05-24,Falkland Islands (Malvinas)
624,Bryan Caldwell,1946-09-07,Fiji
625,Frank Walker,1920-07-06,French Guiana
626,Troy Hill,1987-10-11,Vanuatu
627,Mary Leach,1970-10-21,Algeria
628,Brent Hart,2012-03-10,Burundi
629,Nicole Wilson,2009-07-28,French Southern Territories
630,Molly Santos,1924-06-18,Namibia
631,Wanda Lamb,1977-11-02,Tanzania
632,Ashley Bell,1969-06-12,Norway
633,Katie Ward,1928-12-03,Gibraltar
634,John Murray,2014-04-19,Saint Lucia
635,Robert Hill,1914-04-10,Qatar
636,Anna Kelly,1967-07-31,Bhutan
637,Aaron Williams,1940-06-27,Palau
638,Kenneth Rogers,1977-01-31,Azerbaijan
639,Daniel Carson,1918-12-15,Syrian Arab Republic
640,Mrs. Shelby Perry,1931-02-28,Haiti
641,Wesley Stone,1909-11-21,United Arab Emirates
642,Tony Schwartz,1998-09-23,Sweden
643,Brandy Jones,1919-10-12,Senegal
644,Stephanie Harris,1934-07-25,Mauritius
645,Nicholas Hoffman,1918-07-02,Brazil
646,James Madden,2008-08-23,Bahrain
647,Caroline Harmon,1973-04-08,Kazakhstan
648,Matthew Bartlett,1998-07-13,Belarus
649,Mitchell Rogers,2000-09-12,Bangladesh
650,Erica Simon,1992-12-23,Ukraine
651,Mrs. Virginia Williams,2012-08-07,Northern Mariana Islands
652,Travis Phelps,1919-08-16,El Salvador
653,Patricia Prince,1918-04-24,Saint Pierre and Miquelon
654,Miguel Smith,1997-07-07,Afghanistan
655,Carlos Cox,1953-04-13,Macao
656,Heidi Wright,1925-03-16,Estonia
657,Shawn Newman,1973-07-23,Tokelau
658,Michael Evans,1913-10-04,Guernsey
659,Briana Kelly,1960-09-05,Mozambique
660,Elizabeth Tate,1942-08-13,Nauru
661,Dr. Daniel Miller MD,1966-04-09,Botswana
662,Erica Murillo,1913-06-03,Uzbekistan
663,Gregory Bishop,1971-01-03,Guam
664,Danielle Whitney,2003-04-18,British Virgin Islands
665,Jonathan Garza,1961-06-19,British Virgin Islands
666,Dana Lopez,1990-04-11,Malaysia
667,Wendy Serrano,1909-03-17,Eritrea
668,Caitlyn Jackson,1993-09-30,Iceland
669,Alejandro Chan,2015-01-09,Liechtenstein
670,Judith Mueller,1912-07-18,Pitcairn Islands
671,Tiffany Green,1909-10-24,Romania
672,Brian Stanton,1942-01-29,United States Minor Outlying Islands
673,Dustin Hernandez,1931-04-11,Holy See (Vatican City State)
674,Alexandra Shelton,1927-01-17,Martinique
675,Anna Hutchinson,1917-01-06,Bulgaria
676,Eric Jones,2015-10-20,French Guiana
677,Margaret Williams,1963-04-11,Norfolk Island
678,Travis Thomas,1939-05-27,Moldova
679,Todd Willis,2008-12-06,Turks and Caicos Islands
680,Autumn Doyle,2008-03-23,Netherlands Antilles
681,Eric Kerr,1987-09-25,Belize
682,Jacob Dixon,1983-05-15,Ghana
683,Kevin Richards,1989-11-14,Western Sahara
684,Alex Lewis,1935-09-23,Martinique
685,John Barker,1928-04-01,Guadeloupe
686,Danielle Nelson,1997-06-26,Bouvet Island (Bouvetoya)
687,Loretta Barr,1922-09-25,Russian Federation
688,Chad Snyder,1920-04-24,French Polynesia
689,Chelsea Mclaughlin,1962-10-27,Slovenia
690,Natalie Lee,1925-06-12,Syrian Arab Republic
691,Jessica Hardy,2003-03-18,Central African Republic
692,Isaac Cruz,1934-10-07,Pitcairn Islands
693,Michael Charles,1966-05-08,Sri Lanka
694,Barbara Owens,2009-05-23,French Guiana
695,Melissa Bradley,1995-02-16,Pitcairn Islands
696,Tammy Mitchell PhD,1917-07-11,Finland
697,Kenneth Jackson,1957-01-15,Tonga
698,Sandra Perkins,1972-02-19,Mali
699,Mark Brooks,1959-05-07,Guinea
700,Jenna Sanchez,1977-06-28,Peru
701,Catherine Elliott,1932-06-03,Timor-Leste
702,Allen Brown,1942-12-10,Romania
703,Daniel Taylor,1947-05-29,Bhutan
704,Samantha Castillo,1983-04-27,Taiwan
705,Marvin Holmes,1912-10-14,Madagascar
706,Kelly Larson,2007-12-26,Argentina
707,Katherine Anderson,1971-11-13,Pitcairn Islands
708,Daniel Bell,1951-12-14,Kuwait
709,Mrs. Tanya Williams,1966-03-28,Ireland
710,Andrew Reed,1920-04-26,Dominica
711,Ashley Ward,1959-08-07,Lebanon
712,Yvonne Gibson,1989-10-26,Ireland
713,Edward Larsen,1929-06-19,Guadeloupe
714,Terri Smith,1913-09-23,Angola
715,Tammy Parker,2012-08-12,Brunei Darussalam
716,Christopher Lee,1994-11-11,French Polynesia
717,Stephen Roy,1958-05-12,Gabon
718,Amy Santana,1908-12-23,Saint Lucia
719,Paul Myers,1945-06-26,Christmas Island
720,Katie Evans,2002-02-26,China
721,Angela Tucker,1977-02-03,Nigeria
722,Rachel Williams,1994-01-05,Niue
723,Scott Yang,1941-10-07,French Guiana
724,Sharon Gaines,1935-01-13,Chile
725,Michelle Wilson,1960-04-07,Namibia
726,Julie Hinton,1960-07-14,Western Sahara
727,Allison Stafford,1910-11-26,Reunion
728,Tasha Bell,1963-01-21,Iceland
729,James Vaughan,2014-11-12,Finland
730,Brenda Acosta,1965-11-04,Senegal
731,Michael Lowe,2009-01-19,Kiribati
732,Jason Robertson,1946-09-25,Swaziland
733,Carlos Tran,1951-09-04,Congo
734,Fernando Cooper,2000-04-01,Hong Kong
735,Matthew Roach,1926-07-31,Denmark
736,Lindsey Mitchell,2001-12-16,China
737,Ann Austin,1955-02-25,Saint Kitts and Nevis
738,Michael Hodges,1913-06-19,Switzerland
739,Sarah King,1939-05-19,Thailand
740,Catherine Hunter,2012-09-10,Denmark
741,Kenneth Hernandez,1924-03-09,Cuba
742,Carolyn Walls,1918-03-05,Moldova
743,Christopher Logan,2015-03-04,Western Sahara
744,Christian Bullock,1958-12-14,Belarus
745,Rebecca Farrell,1945-01-20,Lesotho
746,Aaron Franklin,1961-05-27,Bahamas
747,Katelyn Mccullough,1937-01-18,Italy
748,Melissa Phillips,1994-05-23,Tunisia
749,Elizabeth Charles,1958-07-19,Burundi
750,Angel Shaw,1989-05-13,British Virgin Islands
751,Danielle Clark,1928-02-17,Faroe Islands
752,Alyssa Morgan,1954-01-26,Canada
753,Chelsea Henry,1912-05-03,Slovakia (Slovak Republic)
754,Tina Moore,1935-06-18,Pakistan
755,Carly Dean,1976-12-18,Rwanda
756,Sara Miller,1910-11-20,Vanuatu
757,Brian Avery,1914-08-19,Angola
758,Kelly Shea,1967-01-12,Mayotte
759,Adam Schwartz,1944-02-18,Jamaica
760,Veronica Brandt,1923-08-19,Spain
761,Jordan Rivera,1947-06-26,Ireland
762,Bobby Davis,1972-08-28,Jordan
763,Michael Moore,2024-02-29,Eritrea
764,Jessica Reid,2023-08-01,Pitcairn Islands
765,Nicole Lane,1914-12-11,Bangladesh
766,Natalie Davis,1942-04-01,Jordan
767,Traci Espinoza,1956-08-12,Iran
768,Joseph Nelson,1994-07-09,Anguilla
769,Jason Lopez,2011-03-09,Cocos (Keeling) Islands
770,Megan Miller,1918-08-27,Togo
771,Linda Blake,1937-12-24,Antarctica (the territory South of 60 deg S)
772,Andrew Harris,1925-11-28,Sierra Leone
773,Richard Anderson,1921-02-10,Ecuador
774,Anthony Carter,2003-02-18,Faroe Islands
775,Edward Morgan,2017-02-18,Pakistan
776,Rebecca Nielsen,1929-08-26,Lithuania
777,Nichole Dominguez,2014-07-24,Tonga
778,Natalie Garcia,1957-02-23,French Guiana
779,Alexandra Hanson PhD,2008-04-28,Marshall Islands
780,James Russell,1943-10-13,Malawi
781,Melissa Gonzalez,1930-06-09,Tanzania
782,Luis Wright,1925-01-22,British Indian Ocean Territory (Chagos Archipelago)
783,Marvin Hoffman,1988-01-27,Panama
784,Chris Anderson,1934-11-28,Maldives
785,Lindsay Cooper,1918-11-01,Uzbekistan
786,Benjamin Baker,1938-04-17,United States of America
787,Arthur Benson,1972-06-06,Netherlands Antilles
788,Bruce Wood,1923-04-21,Libyan Arab Jamahiriya
789,Michael Moore,1980-10-10,American Samoa
790,Emily Herrera,1974-08-16,Jordan
791,Maureen Ellis,1966-09-12,Vietnam
792,James Burns,1936-09-25,Guam
793,David Wright,1997-07-10,Greece
794,Heidi Lewis,2001-09-16,United Arab Emirates
795,Michelle Bird,2014-05-01,Slovakia (Slovak Republic)
796,Rebecca Rivera,1986-04-19,Oman
797,Kristen Jones,1950-01-08,Uzbekistan
798,Rebecca Robles,1926-04-26,Kenya
799,Daisy Skinner,1911-10-04,Egypt
800,Kendra Gutierrez,1917-03-23,Montserrat
801,Ryan Scott,1952-10-07,United Kingdom
802,Shelia Jones,2020-02-29,Saint Helena
803,Kevin Kim,1951-12-12,Germany
804,Shelby Stevens,1966-10-16,Faroe Islands
805,Kenneth Hunter,1954-10-05,Belize
806,Daniel Gonzalez,1962-10-26,Anguilla
807,Richard Gallagher,2003-07-23,Togo
808,John Chavez,1961-06-02,Western Sahara
809,Michael Flowers,1987-06-19,Cuba
810,Dennis Fernandez,1927-09-23,Estonia
811,Jerry Jackson,2014-10-12,Tonga
812,Elizabeth Alvarez,1938-09-11,Jordan
813,Joseph Rivera,1918-12-17,Bermuda
814,Aaron Dixon,1982-08-31,Jordan
815,Christian Weaver,1989-06-01,Cook Islands
816,Brandon Ortega,1928-09-29,Netherlands
817,Zachary Russell,1924-01-07,Chad
818,Jimmy Page,2019-06-27,Oman
819,Mario Navarro,1950-02-21,China
820,Dana Hogan,1926-12-29,Montenegro
821,Victoria Thomas,1965-08-18,Kuwait
822,Grace May,1980-07-29,Cote d'Ivoire
823,John Elliott,2002-10-31,Greenland
824,Richard Rodriguez,1995-08-24,Jamaica
825,Ralph Allen,1916-09-19,North Macedonia
826,Micheal Lane,1989-05-15,Mali
827,Patricia Anderson,2022-09-12,Pitcairn Islands
828,Theodore Andrade,2018-05-31,United States Virgin Islands
829,Joshua Cowan,1937-10-12,Morocco
830,Amy Wilson,1909-07-08,Israel
831,Kevin Chapman,1934-11-18,Italy
832,Melissa Rodriguez,1965-06-28,Lithuania
833,Lisa Roberts,1955-08-09,United Kingdom
834,Mason Morgan,2015-12-14,Cameroon
835,Paul Williams,1917-04-27,Romania
836,Xavier Roberts,2019-06-21,Heard Island and McDonald Islands
837,Leslie Flores,2001-02-02,Cook Islands
838,Toni White,1942-10-02,Congo
839,Jose Smith,2005-08-21,Rwanda
840,Austin Hill,1952-05-28,Dominican Republic
841,Pamela Bradley,1977-06-23,Iceland
842,Ronald Taylor,1963-10-24,Mauritania
843,Jonathan Martinez,1928-10-05,Malaysia
844,Susan Mcguire,1968-09-16,Syrian Arab Republic
845,Michelle Morgan,2008-03-16,Kuwait
846,Maria Wiggins,2018-08-01,Greenland
847,Rhonda Moon,1929-07-30,Netherlands
848,Melissa Wiggins,2021-12-24,Canada
849,Ashley Hubbard,1915-06-22,Montenegro
850,Mark Black,1930-06-30,Trinidad and Tobago
851,Ronald Foley,1980-05-12,Romania
852,Devin Rodriguez,2020-06-12,Benin
853,Eric Patterson,1918-07-13,Cook Islands
854,James Bean,1960-10-19,Mayotte
855,Michael Whitehead,1998-08-05,Saint Kitts and Nevis
856,Justin Graves,2017-06-22,Belarus
857,Alexis Webster,1982-12-03,Syrian Arab Republic
858,Robert Moody,1926-11-20,Chad
859,Mary Shepard,1931-06-18,Uruguay
860,Mark Johnson,1956-06-22,Kyrgyz Republic
861,Carlos Sanders,1955-04-02,Panama
862,Stacey Johnson,1995-10-10,Swaziland
863,Chelsey Ray,1960-06-03,French Guiana
864,Jason Horton,1959-04-07,Marshall Islands
865,Danielle Barry,1994-09-19,Germany
866,Kellie Rosario,2006-08-05,Comoros
867,Desiree Patterson,1915-05-05,Congo
868,Stephanie Cruz,1954-02-24,China
869,Devon Davis,1932-04-15,Micronesia
870,Andrew Berg,1979-10-22,Puerto Rico
871,Dwayne Vaughn,1948-02-01,Senegal
872,Edwin Cooper,1981-01-05,Saint Kitts and Nevis
873,Rachel Abbott,1918-05-21,Nepal
874,Rebecca Campbell,1971-02-15,India
875,Andre Sanders,1969-02-26,Libyan Arab Jamahiriya
876,Patricia Shaw,1922-03-19,Pitcairn Islands
877,Kathleen Turner,1919-12-21,North Macedonia
878,Sarah Washington,1969-08-13,El Salvador
879,Joanna Lyons,1976-11-01,Colombia
880,Jennifer Lawrence,2000-01-21,Singapore
881,Cindy Thompson,2015-09-18,Serbia
882,Dale Fox,2002-09-11,Congo
883,Alexis Shields,1917-03-15,Montenegro
884,Tanner Trevino,1925-01-17,South Georgia and the South Sandwich Islands
885,Lori Vargas,1985-01-16,Iraq
886,Tristan Nelson,1943-01-02,Greenland
887,Kenneth Ortiz,2015-02-18,Togo
888,Juan Sutton,1915-09-18,Sweden
889,Zachary King,1934-12-13,Faroe Islands
890,Trevor Clark,1989-03-03,Central African Republic
891,Rebecca White,1920-02-02,Grenada
892,Jenna Jackson,1997-10-14,Belgium
893,Adam Jones,1979-01-16,Costa Rica
894,Samantha Williams,2010-01-19,Norfolk Island
895,Mary Alvarado,1973-03-24,Israel
896,Timothy Ramirez,1949-11-10,Bolivia
897,Mary Jones,1944-01-29,Venezuela
898,Michael Myers,2007-05-26,Greenland
899,Allison Anderson,1939-03-20,Turkey
900,Benjamin Smith,1952-05-20,Saint Kitts and Nevis
901,Nicole Johnson,1925-06-23,Kenya
902,Phillip Dorsey,1921-01-16,French Polynesia
903,Eric Newman,1935-05-15,Bermuda
904,Angela White,1944-10-24,Costa Rica
905,Gerald Miller,1984-04-13,Greece
906,Thomas Wright,1970-01-17,Tanzania
907,Tammy Johnson,1985-01-27,Hong Kong
908,Larry Brown,1909-09-21,Sierra Leone
909,Timothy Johnson,2015-03-24,Cote d'Ivoire
910,Brandon Evans,1978-09-08,United Arab Emirates
911,Andrea Miranda,1946-03-03,Canada
912,Misty Payne,1922-05-23,French Polynesia
913,Ronnie Tucker,2000-05-06,Oman
914,Diane James,2001-05-27,Dominica
915,Derrick Navarro,1955-06-11,Suriname
916,Victor Wallace,1978-05-29,Faroe Islands
917,Kylie Valencia,2018-11-29,Luxembourg
918,Kimberly Brown,2006-09-15,Costa Rica
919,Beth Wood,1993-05-31,Netherlands Antilles
920,Michelle Johnson,1998-09-30,Sweden
921,Laura Davis,1910-09-18,Afghanistan
922,Patricia Lynch,2015-07-05,Bolivia
923,Sherry Garcia MD,1977-04-05,Samoa
924,Scott Stephens,1931-08-15,Germany
925,Tammy Scott,1975-11-18,Malta
926,Matthew Mcfarland,1918-12-24,Vietnam
927,Erin Elliott,1995-03-28,French Southern Territories
928,Mr. Thomas Cantu MD,2009-12-28,Togo
929,Daniel Valenzuela,2008-12-09,Bolivia
930,Alicia Williams,1913-04-21,United Kingdom
931,Justin Mcknight,1911-01-26,Niue
932,Dr. Beverly Rowland,2017-09-12,Libyan Arab Jamahiriya
933,Lance Montes,1974-09-07,Burkina Faso
934,Lauren Cook,2000-12-26,Niger
935,Amber Turner,1986-07-14,Togo
936,Justin Ramirez,2000-08-17,Mozambique
937,Jessica Horton,1952-11-06,Syrian Arab Republic
938,Jennifer Jones,1913-07-25,Suriname
939,Justin Hoffman,2016-11-02,Togo
940,Dr. Christie Golden DVM,1957-06-20,Seychelles
941,Theresa Kent,1953-01-03,Netherlands Antilles
942,April Gilbert,1989-07-18,Nigeria
943,David Norton,1909-10-13,Equatorial Guinea
944,Christina Ewing,1918-11-18,Greenland
945,Alyssa Harris,2001-01-12,Martinique
946,Rachel Ford,1999-04-29,San Marino
947,Jessica Pena,1934-01-07,Syrian Arab Republic
948,Amy Gonzalez,2006-01-16,Russian Federation
949,Christopher Blackwell,1917-03-05,Moldova
950,Bradley Boyd,1940-06-08,Bahamas
951,Cheryl Brown,1931-04-23,Nicaragua
952,Amanda Cooper,1933-08-14,Switzerland
953,Megan Sharp,1929-04-02,Nauru
954,Andre Williams,1987-05-25,Serbia
955,Kelsey Sherman,1963-02-02,Norfolk Island
956,Travis Miller,1928-02-19,Portugal
957,Jose Harrison,1913-04-27,Libyan Arab Jamahiriya
958,Ricardo Parrish,1951-12-31,United States Minor Outlying Islands
959,Kelly Livingston,1999-12-08,Papua New Guinea
960,Ricky Roberts DDS,1968-02-11,Iceland
961,Faith Mccoy,1986-10-15,Mongolia
962,John Walton,1954-04-09,Bermuda
963,Margaret Mathis,1998-03-01,Antigua and Barbuda
964,Melanie Soto,1946-07-11,Peru
965,Hailey Cole,1928-03-18,Bangladesh
966,Robert Stewart,1942-06-16,Trinidad and Tobago
967,Raymond Conley,1972-04-22,Portugal
968,Carla Schmidt,1985-11-09,Grenada
969,Casey Malone,1950-06-01,Guyana
970,Mr. Jonathan Rose DDS,2017-06-07,Morocco
971,Brittany Oconnor,1955-01-26,Suriname
972,Ashley Yoder,1951-05-11,Turks and Caicos Islands
973,Michael Davila,2017-06-11,Hungary
974,James Sullivan,1919-06-29,Antarctica (the territory South of 60 deg S)
975,Tyler Thompson,2006-08-22,Niue
976,Lisa Adams,1929-11-21,Micronesia
977,Virginia Taylor,1952-01-30,South Georgia and the South Sandwich Islands
978,Andrea Scott,1959-10-05,North Macedonia
979,Abigail Phillips,1990-09-07,Antigua and Barbuda
980,John Allen,2001-06-11,Tonga
981,Kyle White,1957-04-28,Tokelau
982,Rhonda Baldwin,1952-12-10,French Polynesia
983,Diana Gutierrez,1962-09-24,Fiji
984,Kristin Hale,1983-10-05,North Macedonia
985,Stacy Sanchez,1934-06-22,Tajikistan
986,Paul Hall,1991-11-03,Estonia
987,Rebecca Benjamin,1945-01-13,Rwanda
988,Gary Huynh,1943-12-28,Sri Lanka
989,Stephanie Tapia,1998-06-10,Cook Islands
990,Jason Ortiz,1942-06-10,Saudi Arabia
991,Shane Wilson,2023-11-25,Nicaragua
992,Melanie Harris,1951-01-22,France
993,Cindy Nichols,2019-12-04,Armenia
994,Michelle Miller,2013-01-13,Kazakhstan
995,Michael Kent,1978-03-31,Bangladesh
996,Joseph Marsh,2001-01-01,Philippines
997,Jeremy Clarke,2016-12-03,United States of America
998,John Frazier,1970-01-19,Turkmenistan
999,Matthew Reed,1966-10-05,Singapore
1000,Timothy Black,1916-01-26,Antarctica (the territory South of 60 deg S)
1001,Michael Smith,1942-12-22,Tokelau
1002,Rachel Dunlap,1915-10-24,Poland
1003,Anita Larson,2013-10-29,British Indian Ocean Territory (Chagos Archipelago)
1004,Joann Mcmahon,1984-05-11,Pitcairn Islands
1005,Daniel Daniels,1931-07-31,Cook Islands
1006,Donald Diaz,2011-12-31,Belarus
1007,Mckenzie Gonzales,2007-04-18,Solomon Islands
1008,Brenda Barnes,1956-12-09,Kuwait
1009,Haley Walls,1941-01-16,Benin
1010,George Stanley,2017-04-04,Uganda
1011,Kenneth White,2020-09-23,Armenia
1012,Nicholas Williams,1954-03-08,Burkina Faso
1013,Amanda Hinton,2000-12-27,Colombia
1014,Evan Lopez,1918-04-11,Bahamas
1015,Don Collier,1946-11-19,Macao
1016,Alexis Carr,2009-03-19,Sri Lanka
1017,Eric Keller,1996-08-08,Austria
1018,Kathleen Farley,1985-10-23,Germany
1019,Tyler Hutchinson,1999-01-24,French Polynesia
1020,Jennifer Knapp,2008-10-02,Philippines
1021,Brandon Davis,1977-02-07,Philippines
1022,James Davis,1923-08-28,Svalbard & Jan Mayen Islands
1023,Alec Phillips,1982-02-08,Micronesia
1024,Gabriella Rivera,1971-01-18,Gambia
1025,Shannon Pennington,1987-09-20,Oman
1026,Sharon Vasquez,1917-02-03,Puerto Rico
1027,Rhonda Ward,1943-05-12,Moldova
1028,Jeffrey Flores,1924-04-07,Paraguay
1029,David Steele,1960-01-23,Saint Barthelemy
1030,Frank Dominguez,1994-01-28,Svalbard & Jan Mayen Islands
1031,Mrs. Amber Summers,2021-11-21,Luxembourg
1032,Timothy Allen,1927-02-17,Norfolk Island
1033,Andrew Scott,1945-08-05,Sri Lanka
1034,Kimberly Moses,1985-04-11,Aruba
1035,Terry Robles,2022-07-13,United States Virgin Islands
1036,Selena Booker,1989-10-05,Bolivia
1037,Aaron Davidson,2008-02-24,Liechtenstein
1038,John Fitzpatrick,1931-01-31,Pakistan
1039,Richard Smith,1940-10-15,Mauritania
1040,James Ramos,1984-05-11,China
1041,Andrew Sanchez,1953-01-02,Brazil
1042,Tamara Tanner,1973-02-14,Guyana
1043,Jacqueline Molina,1934-08-02,Georgia
1044,Ann Valdez,2014-04-21,French Southern Territories
1045,Patricia Gutierrez,1960-01-06,Anguilla
1046,Natasha Robinson,2017-05-21,Uruguay
1047,Yvette Smith,2016-05-22,Chile
1048,Nathaniel Livingston,1998-04-03,Mauritius
1049,Gary Weiss,2022-07-17,Saint Barthelemy
1050,Jennifer Williams,1950-01-09,Burkina Faso
1051,Amanda Townsend,1918-07-03,Estonia
1052,Leah Ray,1989-05-08,Ukraine
1053,Tonya Koch,1908-10-01,Moldova
1054,Jessica Gomez,1977-08-04,Saint Kitts and Nevis
1055,Melissa Carroll,1986-07-22,Hungary
1056,Dean Moore,1957-01-09,Swaziland
1057,Kenneth Bender,1953-08-18,Gibraltar
1058,Michael Gibson,1920-01-28,Denmark
1059,Kelly White,1978-09-28,Finland
1060,Shawn Santana,1952-03-08,Serbia
1061,Erika Davis,1943-10-01,Jamaica
1062,Dawn Moreno,1914-07-02,Qatar
1063,Paul Wolf,1947-05-14,Djibouti
1064,Peter Khan,1973-01-03,Seychelles
1065,Sandra Gomez,2003-12-24,Palestinian Territory
1066,Christopher Stevens,1997-04-01,Rwanda
1067,Joshua Dunlap,1917-08-07,Maldives
1068,Carolyn Brown,2023-10-24,Zimbabwe
1069,Andrew Obrien,1926-07-18,Argentina
1070,Yolanda Ware,1955-07-18,Cyprus
1071,Julie Duffy,1913-01-27,Faroe Islands
1072,David Mcfarland,1966-10-01,Bulgaria
1073,Nancy Adams,1944-07-02,Togo
1074,Gerald Francis,1943-04-20,Saint Helena
1075,Alicia Silva,2003-08-11,Vanuatu
1076,Trevor Jones,1911-06-05,Eritrea
1077,Barbara Johnson,1938-06-17,Georgia
1078,Cassandra Thomas,1966-08-02,El Salvador
1079,Gail Morrow,1944-04-25,Sao Tome and Principe
1080,Daniel Davis,2008-06-25,Taiwan
1081,Carlos Cruz,2011-12-22,Dominican Republic
1082,Elizabeth Villa,2016-03-18,Benin
1083,Ryan Clark,1923-07-30,Niue
1084,Mary Ward,1929-10-25,Zambia
1085,Heather Jones,1958-11-13,Suriname
1086,Rachel Shaffer,1932-08-15,Wallis and Futuna
1087,Elizabeth Wade,1919-10-15,Azerbaijan
1088,Timothy Chapman,1979-06-01,Serbia
1089,Stephen Johnson,1972-01-04,Mauritius
1090,Gregory Collier,1951-10-21,Mali
1091,Peter Morales,1967-11-11,Korea
1092,James Bishop,1966-12-29,Canada
1093,Timothy Vargas MD,1910-02-01,British Indian Ocean Territory (Chagos Archipelago)
1094,Robert May,2006-05-11,Malaysia
1095,Michael Herrera,1980-12-10,United States of America
1096,Terri Rojas,1987-11-24,Portugal
1097,Dawn Prince,1995-01-22,Norfolk Island
1098,Ronald Kirby,1914-02-11,Sudan
1099,Nicole Hahn,2009-05-19,Timor-Leste
1100,Jonathan Ford,1986-03-28,Sao Tome and Principe
1101,Ryan Mclean,2007-07-19,Kiribati
1102,Lawrence Randall,2008-10-29,Spain
1103,Mercedes Byrd,1929-03-13,Chile
1104,Laura Simmons,1957-08-18,Liberia
1105,Andrea Huang,2004-07-28,Madagascar
1106,Jose Ramsey,1912-04-19,Fiji
1107,Christopher Hansen,1983-06-14,Haiti
1108,Nicholas Cohen,1914-04-17,Mongolia
1109,Carmen Knight,1937-07-30,Peru
1110,Leonard Brown,2001-11-29,British Virgin Islands
1111,Joshua Morrison,2005-09-17,Timor-Leste
1112,Caitlin Fields,1912-06-16,Indonesia
1113,Dana Crawford,2021-11-03,Palestinian Territory
1114,Jason Rodriguez,1941-12-04,Greenland
1115,James Evans,1939-03-16,Ecuador
1116,Tricia Spears,2023-01-14,Vietnam
1117,Hannah Love,1956-12-08,Eritrea
1118,David Clark,2005-10-03,Gabon
1119,Kathleen Green,1956-06-15,Andorra
1120,Colleen Watson,1974-09-27,Saint Lucia
1121,George Ross,1913-10-23,Angola
1122,Teresa Montgomery,2005-02-22,Luxembourg
1123,Alyssa Thompson,1938-06-29,Chile
1124,Laura Alvarez MD,2010-05-03,Japan
1125,Aaron Wood,1993-01-31,Montserrat
1126,Elaine Jensen,1926-09-06,Belarus
1127,Michelle Parsons,1987-12-19,British Virgin Islands
1128,John Camacho,1962-03-25,Angola
1129,Marcus Moore,1949-10-29,Macao
1130,Sean Burgess,1912-07-15,Marshall Islands
1131,Patricia Smith,1932-07-19,Turkmenistan
1132,Robert Cooper,1954-06-14,Panama
1133,Lucas Watson,1971-09-01,British Virgin Islands
1134,Ralph Farmer,1909-10-03,Martinique
1135,Nathan Watts,2009-06-28,Samoa
1136,James Evans,1922-03-09,Switzerland
1137,Helen Holmes,1973-07-05,Burundi
1138,Bryan Lin,1928-06-18,Andorra
1139,Elizabeth Green,1961-03-17,Mexico
1140,Kerry Sanchez,1910-08-29,Australia
1141,Miranda Miller,1932-08-20,Turks and Caicos Islands
1142,Darlene Powell,1995-08-10,Svalbard & Jan Mayen Islands
1143,Ms. Melissa Price PhD,1999-04-26,Reunion
1144,Sandra Brooks,1977-09-28,Mozambique
1145,Troy Richards,1957-06-21,Suriname
1146,Michael Cruz,2011-03-15,Cape Verde
1147,Jamie Gonzales,1961-02-13,Equatorial Guinea
1148,Nicholas Smith,1985-05-28,Burundi
1149,John Taylor,1913-04-23,Guyana
1150,Meghan Rose,2021-02-11,Zambia
1151,William Burns,1992-09-11,Malawi
1152,Heather Johnson,1987-12-28,Qatar
1153,Julia Pratt,2012-04-15,Iraq
1154,Mackenzie Hull,1939-04-29,Saudi Arabia
1155,Nicole Williams,1940-01-20,British Indian Ocean Territory (Chagos Archipelago)
1156,Caroline Davenport,1997-04-12,Poland
1157,Sophia Blackburn,1927-07-01,Guinea
1158,Chloe Cuevas,2010-04-30,Bolivia
1159,Joshua Ward,1972-08-11,Martinique
1160,John Martin,1941-03-23,Jersey
1161,Keith Best,1997-01-15,Haiti
1162,Amy Fox,1936-12-21,Netherlands Antilles
1163,Kelly Johnson,1946-09-06,Moldova
1164,Joshua Baker,1935-03-12,Isle of Man
1165,Kevin Williams,1945-09-29,Thailand
1166,Maureen Scott,1940-10-31,Northern Mariana Islands
1167,James Parker,1958-01-08,Martinique
1168,Michael Warner,1972-03-23,Serbia
1169,Shawn Robinson,1991-03-19,Congo
1170,Jessica Brown,1945-08-21,Myanmar
1171,Vanessa Wilkinson,2009-07-03,Sao Tome and Principe
1172,Timothy Pena MD,1975-04-12,Colombia
1173,Brenda Thomas,2009-10-27,Saint Kitts and Nevis
1174,Lindsey Russo,1923-02-11,Palau
1175,Jacqueline Waters MD,2010-06-03,Somalia
1176,Katelyn Petersen,1974-02-24,Vanuatu
1177,Katherine Wolf,1934-03-31,Congo
1178,James Wilson,1933-08-16,Guernsey
1179,Russell Gonzalez,1931-08-31,Taiwan
1180,Anne Thomas,1921-08-20,Cape Verde
1181,Tonya Shaffer,1987-03-17,Venezuela
1182,Krystal Lewis,2018-02-07,Zambia
1183,David Mccann,2019-05-25,Algeria
1184,Alexis Smith,1945-12-07,Svalbard & Jan Mayen Islands
1185,David Thompson,1973-10-05,Sao Tome and Principe
1186,Jill Sanchez,1922-11-01,Sierra Leone
1187,Manuel Reyes,1958-10-09,Equatorial Guinea
1188,Jennifer Soto,2015-09-11,Costa Rica
1189,Jeremy Rojas,1986-07-12,United Arab Emirates
1190,Andrew Rogers,2003-09-28,Reunion
1191,Jennifer Valdez,1971-11-27,British Virgin Islands
1192,John Griffin,1942-11-01,Iran
1193,Michael Maxwell,1949-12-12,Iceland
1194,Sarah Taylor,1948-09-09,Iceland
1195,Elizabeth Edwards,1978-09-29,Kyrgyz Republic
1196,Richard Murphy,1952-02-05,Belgium
1197,Leslie Alexander,1969-11-27,Turkey
1198,Sherry Barton,1963-03-24,Greenland
1199,Jose Brown,2004-09-17,Heard Island and McDonald Islands
1200,George Barnes,2014-08-04,Palau
1201,Adam Jones,1931-09-25,Anguilla
1202,Shari Gonzalez,2007-01-09,Bolivia
1203,Tina Nelson,2012-09-30,Lithuania
1204,Vicki Short,1935-06-14,Romania
1205,Jonathan Brown,2015-04-29,Canada
1206,George Pearson,1937-07-08,French Guiana
1207,Charles Evans,1933-08-22,American Samoa
1208,Seth Arellano,2024-06-26,Uganda
1209,Rita Chambers,1970-12-04,Burundi
1210,John Kelly,2001-02-16,United Arab Emirates
1211,Dennis May,1970-08-23,Azerbaijan
1212,Juan Peters,1963-06-11,Jamaica
1213,Heather Miller,2011-02-26,Vietnam
1214,Anthony Butler,1967-08-08,Greece
1215,Erica Zimmerman,2002-03-13,Israel
1216,Valerie Crawford,1936-06-15,British Indian Ocean Territory (Chagos Archipelago)
1217,Michael Williams,1961-03-15,Iceland
1218,Keith Lewis,2013-08-01,Mauritania
1219,Erin Cowan,1993-10-01,United Kingdom
1220,Patricia Chen,1930-02-28,Korea
1221,Rachel Cruz,2007-12-23,Aruba
1222,Wanda Parker,1993-02-13,India
1223,Kristy Young,1969-04-25,France
1224,Joseph Buchanan,2010-03-29,Slovenia
1225,Michael Cobb,1913-12-22,Martinique
1226,Scott Jordan,2020-03-30,Burundi
1227,John Flores,1945-12-01,Cambodia
1228,Jacob Jennings,1966-02-02,Micronesia
1229,Paige Lowe,1926-06-28,Malta
1230,Elizabeth Parker,1923-01-30,Saint Helena
1231,Matthew Richardson,1955-05-27,Senegal
1232,Kenneth Matthews,1954-05-13,Djibouti
1233,Adam Cook,2011-01-04,Poland
1234,Heather Webster,2005-08-09,Sierra Leone
1235,Benjamin Fuller,1952-01-17,India
1236,Toni Miller,1954-03-31,Iraq
1237,Nathaniel Miller,1921-06-15,American Samoa
1238,Leon White,1928-07-07,Jordan
1239,Michael Thomas,1908-12-10,India
1240,Wanda Little,1987-05-31,Iceland
1241,Joseph Dudley,1915-06-28,Greenland
1242,Lisa Krueger,1950-11-20,Venezuela
1243,Colleen Nichols,2000-06-26,Algeria
1244,Michael Price,2006-06-23,Norway
1245,Justin Turner,1925-07-15,Wallis and Futuna
1246,William Vincent,1948-02-19,Haiti
1247,Lisa Thompson,1958-03-02,Congo
1248,Katrina Ray,1977-04-15,Bahamas
1249,Linda Johnson,1994-08-12,Serbia
1250,Kimberly Moreno,1939-03-10,Cuba
1251,Susan Solomon,1933-08-03,Lithuania
1252,Veronica Moore,1957-10-30,Papua New Guinea
1253,Kevin Mitchell,1970-12-06,Morocco
1254,Anthony Glass,1930-10-03,Kazakhstan
1255,Jennifer Sanchez,1917-04-30,Botswana
1256,Nancy Hayes,1926-06-02,Myanmar
1257,Meagan Donaldson,1926-01-30,Finland
1258,Mary Griffin,1921-12-12,Saint Kitts and Nevis
1259,James Lee,1974-01-18,Switzerland
1260,Katrina Rodriguez,1945-03-03,Greenland
1261,Juan Leonard,1986-09-11,United Kingdom
1262,Sharon Nelson,1966-08-03,China
1263,Madeline Berg,2009-10-14,Kyrgyz Republic
1264,Caroline Stevens,1941-09-26,Gabon
1265,Justin Boyle,1964-10-31,Lithuania
1266,Steven Sanders,2001-08-01,Latvia
1267,Sharon Mcdonald,1914-03-02,Aruba
1268,Lori Reynolds,1981-12-26,Slovenia
1269,Deborah Watts,2011-08-11,British Virgin Islands
1270,Cynthia Griffith,2004-03-03,Chad
1271,Ryan King,1976-01-08,Costa Rica
1272,Joseph Kaiser,1952-04-06,Afghanistan
1273,Teresa Stewart,1909-08-15,Nigeria
1274,Susan Singh,2011-12-26,Mauritania
1275,Nancy Lewis,1965-08-23,Canada
1276,Louis Lee,1990-04-16,New Zealand
1277,Andrew Allison,1930-12-05,Panama
1278,Evelyn Garcia,1960-05-29,Algeria
1279,Nicholas Thomas,1969-03-02,Antarctica (the territory South of 60 deg S)
1280,Jennifer Snyder,1963-11-20,Syrian Arab Republic
1281,Courtney Evans,1926-09-18,Cambodia
1282,Debra Medina,1910-09-06,Anguilla
1283,Christopher Dyer,1953-07-01,Nicaragua
1284,Stephen Robinson MD,1914-10-18,New Zealand
1285,Mason Brown,2017-03-01,Bahrain
1286,Dennis King,1973-02-24,Panama
1287,Shawn Lynn,1922-09-01,India
1288,Alyssa Wilson,1985-10-06,Indonesia
1289,Chad Hendrix,2007-11-15,Cape Verde
1290,Diane Sawyer,1981-02-06,Kazakhstan
1291,Sarah Myers,1936-04-20,New Zealand
1292,Kristina Pollard,1944-11-04,British Indian Ocean Territory (Chagos Archipelago)
1293,Natasha Dawson,2006-02-01,Reunion
1294,Sarah Zavala,1920-11-26,Cambodia
1295,Jamie Price,1963-10-26,Lithuania
1296,Michelle Robinson,1909-10-08,Hong Kong
1297,Dustin Kirk,2005-01-25,Fiji
1298,Kevin Richard,2012-06-05,French Guiana
1299,Jill Lewis,1911-09-15,Cocos (Keeling) Islands
1300,Julie Valencia,1959-01-16,Niger
1301,Ryan Fernandez,1985-07-10,Taiwan
1302,Victor Braun,1986-11-10,Jordan
1303,Jenny Jenkins,1916-12-21,Latvia
1304,Krista Pruitt,1996-12-30,Tanzania
1305,Jody Brown MD,1971-01-14,Saint Helena
1306,Stacey Whitaker,1970-07-11,Guam
1307,Melissa Harrison,1996-03-06,Bhutan
1308,Michelle Long,2008-08-08,French Guiana
1309,Maureen Lowery,1989-02-10,Suriname
1310,Gary Hays,1957-09-17,American Samoa
1311,Dr. Scott Kramer II,1926-08-08,Dominica
1312,Lauren Ayers,1946-11-23,Somalia
1313,Amy Taylor,1919-07-10,Georgia
1314,Jessica Robinson,1909-09-02,Indonesia
1315,Alexander Baldwin,2002-12-30,Jordan
1316,Sherry Barnes MD,2007-08-02,Dominican Republic
1317,Alexander Rangel,2016-07-29,Palestinian Territory
1318,Thomas Collins,2009-03-31,French Guiana
1319,Kathryn Holland,1986-09-17,Uzbekistan
1320,Derek Lucas,2011-02-18,Svalbard & Jan Mayen Islands
1321,Ashley Brown,2020-06-16,Niue
1322,Keith Chang,1910-07-19,Mexico
1323,Andrea Hamilton,1949-06-26,Bhutan
1324,Daniel Moore,1939-12-09,Senegal
1325,Linda Nixon,1989-09-18,New Caledonia
1326,Sara Stark,1993-09-09,Libyan Arab Jamahiriya
1327,Dr. Erin Simmons,1950-09-09,Bangladesh
1328,James Rose,1985-04-05,Mauritania
1329,Alexandra Robinson,2018-07-22,Saint Lucia
1330,Cassandra Simmons,1986-01-05,Chad
1331,Mrs. Danielle Henry,1926-10-26,Antarctica (the territory South of 60 deg S)
1332,Lawrence Robinson,1980-10-05,Uzbekistan
1333,Gregory White,1912-03-23,Syrian Arab Republic
1334,Tommy Lawrence,2005-06-25,Germany
1335,Casey Huff,1970-09-22,Kenya
1336,Amanda Bell,1985-01-06,Sao Tome and Principe
1337,Joseph Newman,1926-05-22,Russian Federation
1338,Matthew Johnson,1932-08-07,Sudan
1339,Casey Martinez,1998-01-21,Svalbard & Jan Mayen Islands
1340,Heather Bell,2008-12-06,Seychelles
1341,Daniel Castillo,2023-08-02,Central African Republic
1342,Joshua Petty,1985-01-05,South Georgia and the South Sandwich Islands
1343,Kathryn Swanson,2006-03-12,Tuvalu
1344,Joseph Foster,1911-11-01,Georgia
1345,Christopher Greene,1952-03-13,Turkmenistan
1346,Stacey Carey,1927-04-23,Indonesia
1347,Ashley Avila,2011-07-18,Guadeloupe
1348,Brandon Garcia,1941-05-11,Niger
1349,Alexandra Friedman,1963-10-10,Togo
1350,Tyler Stevens,1925-01-22,Algeria
1351,Mathew Maddox,2007-10-21,Bahrain
1352,Justin Yu,1957-07-10,Falkland Islands (Malvinas)
1353,James Hill,1975-07-01,Iran
1354,Drew Simmons,2001-08-30,Ghana
1355,Marc Walton,2015-01-22,Korea
1356,Ricardo Fox,1935-08-02,Somalia
1357,Jack Hayes,1912-07-30,Cuba
1358,Michelle Gentry,2005-10-04,Austria
1359,Jacob Ellis,1945-03-21,Equatorial Guinea
1360,Susan Jones,2014-12-08,Saint Helena
1361,Gary Schneider,1976-08-21,Isle of Man
1362,Stephanie Williams,1985-02-04,Cape Verde
1363,Luis Gonzalez,1917-11-13,Libyan Arab Jamahiriya
1364,Tammy Lewis,2001-05-10,Armenia
1365,Jordan Berry,1959-05-01,Portugal
1366,Keith Mills,1977-12-18,Austria
1367,Eric Fleming,1960-01-27,Saint Helena
1368,Stephen Wright,2015-06-21,Aruba
1369,Ethan Anthony,1968-09-24,Ecuador
1370,Destiny Mcdaniel,1988-06-03,Sweden
1371,Dr. Brett George,2012-05-29,Lesotho
1372,Donald Bryant,1920-05-19,United Arab Emirates
1373,Kathy Owens,1928-03-22,Isle of Man
1374,Whitney Adams,1997-04-01,Slovenia
1375,Brittany Durham,1936-03-09,Namibia
1376,Kevin Campbell,1935-09-04,Bouvet Island (Bouvetoya)
1377,Julie Taylor,1935-10-03,Czech Republic
1378,Stephen Hayes,1933-01-16,Samoa
1379,Curtis Smith,1995-10-15,Tajikistan
1380,Benjamin Johnson,1918-01-19,France
1381,Jonathon Garcia,1951-12-03,Thailand
1382,Zachary Stephens,1940-08-29,Sao Tome and Principe
1383,Brian Saunders,1935-09-15,Afghanistan
1384,Laura Smith,1981-08-30,Hungary
1385,Carrie Jones,1979-06-17,Aruba
1386,Jessica Daniels,1973-01-29,El Salvador
1387,Wayne Smith,1908-08-29,Tajikistan
1388,Amy Riddle,2020-01-29,Palestinian Territory
1389,Raymond Vaughn,2012-05-29,Czech Republic
1390,Adam Garcia,1922-03-08,Uganda
1391,Jacqueline Shepard,1958-03-09,Dominican Republic
1392,Adam Murphy,1910-10-07,South Georgia and the South Sandwich Islands
1393,Nicole Simmons,1979-07-28,India
1394,Gregory Smith,1920-06-23,Reunion
1395,Wayne Robinson,1963-08-20,Rwanda
1396,Melissa Ellison,2009-04-30,Bermuda
1397,Melanie Barnes,1951-07-17,South Africa
1398,Jenna Carpenter,1948-11-09,Nauru
1399,Daniel Young,1997-01-08,Timor-Leste
1400,Michael Gould,1946-09-23,Russian Federation
1401,Dr. Brittany Farrell,1922-07-18,Micronesia
1402,Steve Davis,2021-12-20,Tokelau
1403,Sheri Keller,1970-08-03,Maldives
1404,Heidi Hartman,2023-12-16,Togo
1405,Wendy Silva,1912-07-02,Uruguay
1406,Dr. Michael Wong,1926-12-12,Mexico
1407,Stephen Brown,1909-03-11,Moldova
1408,Joshua Smith,1965-01-17,Svalbard & Jan Mayen Islands
1409,James Griffin,2020-03-28,Mozambique
1410,Stephanie Allen,1981-07-21,Brunei Darussalam
1411,Stacey Walls MD,1956-04-16,Tuvalu
1412,Beverly Heath,1920-04-30,Northern Mariana Islands
1413,Jennifer Williams,1961-06-20,Botswana
1414,Joanna Morales,1925-02-28,Reunion
1415,Summer Mclean,1936-11-28,Saint Lucia
1416,Ryan Tran,1920-07-25,Yemen
1417,Samuel Miller,1989-06-27,Marshall Islands
1418,Stacy Allen,1996-02-15,Nauru
1419,Susan Lloyd,2021-09-18,Armenia
1420,Lisa Payne,1950-11-07,Nepal
1421,Allison Cochran,2008-07-07,Taiwan
1422,Roger Green,1998-11-12,Lao People's Democratic Republic
1423,Erika Mathews,1946-04-25,Puerto Rico
1424,Jeanne Rivera,2017-08-07,Faroe Islands
1425,Michelle Rodriguez,1923-05-16,Vanuatu
1426,Dustin Pierce,2022-06-02,Saint Pierre and Miquelon
1427,Amy Black,1971-03-22,United States Virgin Islands
1428,Nicole Rhodes,1977-12-04,Mexico
1429,Kimberly Thomas,1983-08-27,Switzerland
1430,Garrett Diaz,2019-10-23,Cambodia
1431,Heather Hutchinson,2019-08-10,Suriname
1432,Paula Sanchez,1918-08-02,Thailand
1433,Ernest Miranda,2001-06-29,Ireland
1434,Amy Mitchell,1957-05-13,Eritrea
1435,Jason Grant,1983-02-11,Mali
1436,Jacob Taylor MD,2008-07-21,Uruguay
1437,Priscilla Jones,1973-08-15,Marshall Islands
1438,Jimmy Ryan,2010-02-23,Holy See (Vatican City State)
1439,Steven Carter,2009-01-07,North Macedonia
1440,Kristin Bryant,2004-06-16,Egypt
1441,Michael Garcia,2004-07-03,Malta
1442,Jesse Romero,1914-03-18,Trinidad and Tobago
1443,Tyler Keith,2001-07-02,Bangladesh
1444,Linda Hernandez,1980-02-09,United States of America
1445,Eric Stephens,1917-06-22,Marshall Islands
1446,Caitlin Hunter,1997-04-05,New Zealand
1447,Jason Floyd,1941-03-23,Norfolk Island
1448,Jeffrey Greene,1972-06-05,Paraguay
1449,Patrick Lee,2015-12-24,Bermuda
1450,Stephanie Mejia,1995-01-12,Bouvet Island (Bouvetoya)
1451,Patrick Allen,1976-02-06,Macao
1452,Kristi Carson,1916-05-28,Puerto Rico
1453,James Smith,1916-07-09,Niue
1454,Jennifer Cole,1924-09-15,Bouvet Island (Bouvetoya)
1455,Charles Cook,1963-05-27,Aruba
1456,Andre James,1921-05-03,Somalia
1457,Charlotte English,1924-05-09,Poland
1458,John Moore,2000-04-17,Malaysia
1459,Timothy Mayer,2015-09-16,Tuvalu
1460,Matthew Arnold,2023-09-19,Guinea
1461,Angela Gill,1940-03-11,Grenada
1462,Emily Garcia,1936-04-01,Angola
1463,Jeffrey Baldwin,2003-08-11,Iceland
1464,Tamara Fields,1971-11-22,Namibia
1465,Valerie Gomez,2006-12-29,Cambodia
1466,Kimberly Johnson,1926-09-26,Congo
1467,Daniel Cervantes,1947-01-16,Cameroon
1468,Morgan Reeves,2006-12-29,India
1469,Johnny Wilson,1953-01-31,Burundi
1470,Megan Wilson,1937-01-24,Suriname
1471,Alex Neal,1964-09-07,Bouvet Island (Bouvetoya)
1472,Brittany Hayes,1931-06-24,France
1473,Christina Hughes,1913-03-21,Saint Pierre and Miquelon
1474,Sarah Rivera,1974-12-21,Palau
1475,Patricia Nichols,2007-01-11,Yemen
1476,Tracy Patterson,1910-05-22,British Indian Ocean Territory (Chagos Archipelago)
1477,Deborah Garcia,1947-06-25,Korea
1478,Kelly Cooper,1940-04-09,New Caledonia
1479,James Fields,1993-01-12,Panama
1480,William Spencer,1941-08-29,Sri Lanka
1481,Krista Stephenson,1956-08-28,Faroe Islands
1482,Shannon Travis,1964-02-02,Nauru
1483,Anthony Garcia,1931-07-17,Mongolia
1484,Alicia Baker,2000-06-21,Russian Federation
1485,Kim West,1975-10-10,Iraq
1486,Christian Schwartz,1986-01-11,Saint Helena
1487,David Garrett,1929-07-19,Ireland
1488,Carolyn Colon,1949-01-12,United States of America
1489,Rhonda Ayers,1953-05-24,Iran
1490,Mrs. Sara Carter,1977-11-27,Saint Lucia
1491,Michael Willis,1955-08-03,Jordan
1492,David Hall,2022-12-18,Montserrat
1493,Rachel Alvarado,2000-03-02,Jersey
1494,Gina Kramer,1996-05-15,Czech Republic
1495,Daniel Smith,1955-07-22,United States of America
1496,Virginia Chang,1925-11-17,Trinidad and Tobago
1497,Frank Watson Jr.,1982-01-24,Latvia
1498,Nancy Perez,1912-02-04,Djibouti
1499,Brandi Banks,1986-01-09,Bosnia and Herzegovina
1500,Mr. Bradley Boyd,2003-10-12,Argentina
