book_id,title,author_id,genre_id,price,publish_date
1,Trip agency realize rate.,1382,2,34.24,2021-05-12
2,Yard certainly both.,237,2,18.56,2017-09-08
3,Feel method mother.,889,1,17.46,2017-08-05
4,Entire with technology process.,456,1,35.42,2017-05-01
5,Answer participant get.,1067,1,10.86,2016-11-04
6,Situation challenge economy party during.,1021,2,19.56,2022-09-20
7,Piece enough true quite.,1046,2,23.38,2018-02-28
8,Analysis wall indeed listen reason.,183,2,14.31,2024-06-14
9,Service never west building.,893,1,47.4,2014-09-21
10,Sign safe off.,762,2,39.27,2017-12-04
11,Success sea cause along.,879,2,27.34,2017-05-21
12,Generation wind car gas.,29,3,10.48,2022-04-18
13,Activity sister network too.,235,2,17.81,2016-12-27
14,Fish bit hope could.,166,2,44.16,2018-11-05
15,Scientist in film yourself information.,73,3,13.34,2014-10-03
16,Enter war just.,92,2,13.79,2023-11-13
17,Involve likely usually office.,174,3,11.94,2020-02-09
18,Movement attack.,1378,3,37.4,2019-01-18
19,Standard return part too.,1123,2,24.5,2019-02-23
20,Buy avoid age.,271,2,12.67,2023-03-31
21,Evidence participant else.,1454,3,29.24,2021-02-09
22,Choice mission surface.,953,1,42.43,2023-12-16
23,Current window wife participant activity.,1037,2,36.5,2021-12-25
24,Special claim author.,1280,3,16.58,2022-03-02
25,Carry south do apply.,387,3,17.19,2018-01-08
26,My on.,168,1,21.62,2022-01-31
27,Author out lay buy media.,1174,2,47.12,2014-07-20
28,Development maintain authority partner.,1079,1,16.38,2020-02-18
29,Candidate property guess.,1049,3,40.73,2024-05-18
30,Eight ask organization.,596,1,21.75,2017-12-26
31,Which can why dinner.,576,2,25.08,2020-03-30
32,Site for grow.,289,3,29.95,2023-02-08
33,Cost explain yes safe you.,1113,1,10.36,2022-10-11
34,Artist scene.,891,2,29.84,2016-03-20
35,Reflect TV around.,101,1,46.44,2016-10-24
36,Figure various practice like democratic.,765,2,47.64,2019-12-01
37,Bad effect name person.,1034,1,26.83,2015-12-31
38,Group wall if.,318,2,46.3,2020-10-23
39,Will to.,1341,1,37.85,2024-06-24
40,Billion tend rich.,1363,2,28.95,2023-11-14
41,Real six.,252,3,21.4,2019-04-11
42,Think speak.,1459,1,28.46,2014-09-12
43,Put pattern blue rest nothing.,868,1,37.66,2019-06-01
44,Art against case.,623,2,33.02,2018-10-13
45,Human nearly carry rise.,978,3,44.2,2018-05-11
46,Reason girl cost side.,746,1,24.67,2021-07-23
47,Coach pass.,94,2,26.71,2019-06-11
48,Scene technology.,604,2,40.32,2021-02-10
49,Past talk say.,675,3,30.42,2015-04-29
50,Well which peace final.,1499,1,19.43,2021-02-21
51,South skin box officer.,1069,3,15.98,2015-05-06
52,Happy sister chance fast.,335,1,41.34,2017-11-07
53,Brother she day industry.,1329,2,36.76,2017-08-22
54,Successful then.,516,1,45.14,2018-07-03
55,Employee across career summer.,640,1,16.98,2018-08-19
56,Range contain.,7,1,48.22,2018-12-10
57,Practice head.,300,3,32.33,2017-10-05
58,Big attention bar.,1312,3,43.21,2017-12-25
59,Affect understand while we team.,205,3,31.49,2021-04-05
60,On travel catch drop.,401,3,18.23,2019-03-18
61,High away.,448,1,30.27,2019-07-18
62,Approach develop compare type.,305,1,31.26,2018-07-20
63,Instead population per.,1145,1,16.36,2016-09-22
64,Share friend brother.,316,1,20.15,2016-07-25
65,Affect late reflect decade property.,1251,3,37.86,2018-03-16
66,Television arrive.,643,2,45.21,2023-08-02
67,Agency wide last.,249,3,49.57,2023-07-03
68,Direction can.,1214,3,44.02,2015-11-18
69,Lawyer technology.,13,3,26.0,2019-08-26
70,Job expect home.,891,2,26.44,2017-06-21
71,Leave play.,438,2,27.47,2017-01-23
72,Sense six bed live.,989,3,26.2,2015-11-10
73,Son early throw government.,335,2,49.54,2019-12-10
74,Per away produce garden.,1033,2,24.91,2016-04-09
75,What really current cut describe.,711,1,35.29,2019-10-29
76,Watch dark close.,162,2,42.25,2018-03-15
77,Draw skill man and.,219,1,21.52,2024-05-24
78,Away line college interesting.,1301,3,39.92,2021-11-29
79,Magazine money much.,1131,2,36.15,2019-10-29
80,Process entire eat.,23,1,49.92,2020-05-08
81,Base thus leader.,400,1,34.64,2021-10-07
82,Develop but deep design.,1273,1,37.06,2020-09-08
83,Bed control travel ahead.,881,2,24.9,2022-07-05
84,Paper show hundred.,259,1,17.38,2019-04-24
85,Adult require case.,860,1,18.13,2018-05-01
86,Indicate discover government.,878,1,22.95,2015-10-31
87,Cut trouble.,1131,1,16.6,2020-01-29
88,Raise offer.,166,3,13.39,2016-03-25
89,Event concern article against.,367,2,47.0,2019-06-12
90,Design ever reflect.,875,3,24.14,2015-12-20
91,To safe quality.,466,2,23.37,2017-01-09
92,Special agreement condition ball.,1266,2,18.81,2020-09-20
93,Prepare in range in.,359,2,49.52,2023-07-23
94,Increase water indeed.,604,1,17.71,2017-03-15
95,Affect today my.,953,3,49.8,2019-05-27
96,Clear foot.,111,3,40.27,2018-06-01
97,Fall most treatment mention peace.,1239,1,12.01,2016-05-07
98,Sport president myself direction.,85,1,21.04,2017-07-12
99,Six tend century.,1269,3,20.07,2020-01-05
100,Establish public store television.,689,3,17.98,2018-10-23
101,Series stage federal guess.,1005,1,15.64,2017-09-05
102,Walk deep.,1143,3,23.72,2020-04-09
103,Drug sport share child.,1368,1,35.69,2015-07-14
104,Pretty news foreign.,1254,2,29.65,2024-01-19
105,Dinner hard book.,858,1,24.83,2023-06-14
106,Enjoy peace thus simply whole.,54,2,16.59,2021-08-05
107,Politics outside.,1252,3,48.1,2019-09-11
108,Leader continue response.,928,2,25.7,2024-01-07
109,Seek your line letter.,1228,1,37.47,2015-07-17
110,Move bank.,793,1,12.28,2022-02-12
111,Series before.,1115,1,41.73,2021-05-21
112,Least instead government while.,81,3,18.79,2021-05-11
113,Heavy walk stand type.,309,3,24.05,2018-05-17
114,Civil seat help.,33,1,33.14,2016-05-28
115,Affect around.,389,3,25.08,2019-07-25
116,Likely design military box.,903,1,33.65,2016-03-25
117,Art including economy.,1377,3,20.04,2023-10-20
118,Nearly mind.,885,3,18.77,2018-05-01
119,Congress fall authority.,119,3,14.58,2023-10-28
120,Fish like better among.,1345,1,48.69,2015-12-31
121,Any above west senior.,760,1,31.76,2022-05-04
122,Morning would you popular mention.,257,2,49.93,2020-10-04
123,Live indeed the my.,987,2,36.68,2024-06-27
124,Involve few.,211,1,40.88,2021-04-20
125,Defense expect lay.,853,3,19.33,2023-03-25
126,Nature dog.,1244,2,36.55,2016-12-20
127,Arm do western.,855,2,36.05,2023-05-27
128,Summer Mr real.,1044,3,46.95,2021-01-28
129,Guess most building among save.,854,2,42.49,2022-08-16
130,Party talk member many.,644,2,38.17,2021-07-23
131,End friend.,1268,1,21.98,2019-06-27
132,Growth establish design industry political.,131,1,31.55,2023-10-19
133,Pay cut design history.,850,1,21.58,2019-07-20
134,Floor give.,440,1,25.64,2020-11-15
135,Nor raise.,1225,1,33.58,2021-10-06
136,Another public least old.,1211,1,24.59,2015-06-30
137,Best this western.,154,1,36.96,2017-08-19
138,Pressure compare.,1171,3,20.49,2024-05-14
139,Rich even.,1392,3,11.48,2021-06-01
140,Toward without finally feeling.,1224,1,26.07,2020-10-21
141,Next game argue pull treatment.,201,3,46.39,2021-10-25
142,Billion produce partner else.,919,1,11.62,2022-10-24
143,Each resource country majority whatever.,668,1,40.16,2021-02-26
144,Measure product.,1151,3,49.16,2015-12-05
145,Your the reach trial road.,414,1,34.39,2015-01-19
146,Environment anything community level.,21,1,27.01,2020-10-11
147,Detail minute wrong building believe.,666,3,28.93,2018-05-11
148,Idea skin their need.,272,2,38.62,2017-12-26
149,See the dog available energy.,16,2,21.95,2022-07-24
150,Dark really far.,63,2,25.58,2014-09-22
151,Center up important section.,154,1,48.15,2022-05-16
152,Minute series.,802,1,11.19,2015-03-29
153,Painting new.,1182,1,35.61,2021-02-03
154,Stock least quite his themselves.,832,2,23.26,2021-02-28
155,Over medical.,621,3,11.05,2019-06-05
156,Hotel daughter should control happen.,1427,1,15.6,2018-08-04
157,About subject.,890,3,44.63,2016-11-13
158,How law word unit rise.,452,2,11.37,2022-02-26
159,Marriage professor.,1170,3,37.08,2015-12-05
160,Sense western realize.,473,1,33.71,2021-07-06
161,Take senior himself.,429,3,44.11,2019-09-19
162,Early dark.,600,2,10.79,2023-07-17
163,Either community not how.,1457,2,39.33,2019-06-01
164,Tonight matter forget themselves.,760,3,11.6,2022-08-20
165,Base sit real kitchen.,462,2,23.85,2017-10-29
166,Campaign him news.,1248,2,38.07,2017-12-30
167,Per away ball.,1168,3,17.25,2022-09-25
168,Up two just design.,1387,1,20.27,2021-01-14
169,Low computer.,676,2,24.28,2018-05-04
170,Per meet week song.,1148,1,46.72,2017-07-17
171,Indeed work this maybe traditional.,1412,3,13.36,2023-12-15
172,Within Republican door left.,416,3,33.66,2019-12-10
173,Employee manage we.,310,2,27.73,2015-04-26
174,Material audience.,785,1,19.05,2020-03-16
175,Well above marriage.,336,2,38.12,2023-10-19
176,Begin mind firm not play.,6,2,44.78,2015-11-02
177,Skin buy from pass.,223,3,40.86,2015-09-09
178,Recently thing approach room.,1122,3,41.66,2023-09-08
179,Firm hair until.,1318,1,38.42,2021-08-12
180,Allow significant.,1206,3,15.22,2019-04-12
181,Use relationship industry.,50,2,27.75,2024-01-04
182,Something continue to city.,933,1,36.62,2014-09-10
183,Our really trial wonder.,467,1,14.12,2022-02-09
184,Look cultural begin themselves.,241,2,12.88,2021-11-26
185,Toward night who.,1006,1,44.69,2017-04-24
186,Responsibility fall poor.,1292,3,31.69,2022-04-26
187,Fall how former.,923,2,12.94,2018-12-15
188,Provide guy air cold how.,319,3,33.75,2020-11-06
189,Keep force song until.,883,1,34.26,2024-06-09
190,Recognize stay thing blood.,1271,3,18.28,2022-09-04
191,North most local.,249,3,34.85,2024-05-11
192,Mean wife.,677,1,25.31,2015-12-30
193,Tend officer gun movie.,871,3,36.29,2016-12-09
194,Discover choose drug left only.,461,1,45.58,2023-02-20
195,Note feeling themselves project yourself.,710,3,42.11,2023-08-03
196,Term almost wall.,849,3,42.06,2022-10-02
197,Growth green.,576,1,24.31,2023-11-12
198,Whether security conference no.,837,2,20.96,2020-04-09
199,Boy ten act tell.,429,1,13.85,2018-06-06
200,Character boy everyone nation security.,1136,1,12.24,2023-02-02
201,Wonder bring.,1258,1,42.82,2023-11-29
202,Prepare especially.,1329,3,40.71,2023-01-13
203,Another reach.,887,3,42.0,2022-12-30
204,If side during.,1446,1,44.89,2020-07-01
205,Company hour your town.,646,1,16.85,2021-01-28
206,Thank cell trial exactly.,1418,1,23.93,2022-11-27
207,Page agent four.,554,3,13.75,2018-06-01
208,Field from play indeed time.,841,3,46.39,2023-10-24
209,These American change husband staff.,1304,2,17.29,2022-06-13
210,High green tax official size.,603,2,43.74,2014-12-25
211,Factor somebody boy.,115,3,37.49,2019-11-09
212,Career amount represent.,1455,2,45.96,2021-08-11
213,Like cultural usually ago population.,658,3,12.99,2016-06-18
214,Whether focus head because relationship.,159,3,37.49,2014-08-03
215,Reach agreement course there.,427,3,41.3,2023-12-12
216,Any too up water.,881,1,37.23,2018-01-03
217,Rather chair beyond direction.,24,2,13.7,2017-01-12
218,Water big fly end must.,874,1,25.99,2024-01-02
219,Speech situation total.,617,2,41.38,2015-12-12
220,Story treat way deal.,1225,3,12.7,2024-02-17
221,Bed cause put.,966,2,28.43,2016-06-19
222,Short personal early week so.,1493,1,11.4,2018-01-19
223,Avoid build.,638,3,22.89,2015-01-17
224,Live reach population.,1489,3,18.23,2018-02-16
225,Industry employee mean say.,109,2,25.41,2018-12-09
226,Well ever.,21,2,19.31,2023-04-07
227,No democratic.,731,3,24.28,2021-12-30
228,Officer author after service continue.,1098,3,33.44,2018-06-29
229,If history.,669,1,40.85,2021-02-12
230,Easy both.,479,3,17.14,2019-09-13
231,Evidence require baby pretty yes.,683,2,43.0,2022-07-09
232,Accept red.,979,1,11.91,2022-12-26
233,Follow hope.,1387,3,32.22,2020-05-02
234,Half material serious there.,476,3,38.4,2023-09-02
235,Brother fact road during.,152,2,34.2,2017-11-13
236,Form bring loss him travel.,73,3,38.75,2019-09-07
237,Response try population.,1,1,43.08,2016-05-23
238,Story make police.,789,3,29.51,2015-12-23
239,Room stop nothing.,990,3,41.72,2017-05-10
240,Behind any material.,861,1,23.82,2020-10-20
241,Security work suggest level.,1103,1,27.14,2023-03-30
242,Human maybe.,1296,3,40.25,2019-04-21
243,Sometimes scene artist.,176,1,24.03,2017-09-10
244,Low garden exist wide experience.,1087,2,30.08,2024-04-23
245,Image able discussion practice.,684,1,21.5,2022-03-19
246,Pressure national.,757,2,36.84,2023-04-21
247,Fact structure because every style.,1286,3,38.2,2018-02-03
248,Focus heavy for edge.,1045,2,29.51,2016-04-13
249,Section house risk ground my.,401,2,30.02,2014-07-11
250,Provide produce contain billion small.,345,1,15.99,2014-12-10
251,Perhaps one bring.,876,3,19.5,2017-06-23
252,Like relate would practice.,36,2,23.1,2016-12-07
253,Challenge message several visit.,892,2,21.89,2023-01-05
254,View focus tax.,1221,3,43.34,2016-06-20
255,Move probably watch able.,1138,1,32.31,2015-10-17
256,Source campaign.,722,1,17.54,2019-02-23
257,Two door expect speech.,907,2,14.86,2017-01-27
258,Bad although.,941,1,17.75,2022-10-25
259,Over international room democratic care.,1180,1,32.78,2018-11-12
260,Sign Mr including.,708,3,49.22,2017-02-21
261,Manage case.,715,3,42.28,2018-12-23
262,Wrong involve deal.,1233,2,44.3,2017-07-01
263,Edge different boy until write.,339,3,40.77,2021-08-24
264,Special whose tax state.,1485,1,48.63,2017-07-12
265,Half over against game.,1262,2,37.37,2020-10-23
266,Section research body.,40,3,13.97,2018-11-09
267,Economic trouble natural.,1341,1,25.48,2021-12-07
268,Whose political.,1322,2,32.71,2020-10-22
269,Price how born that.,1259,1,48.91,2016-07-14
270,Practice woman she style.,778,3,33.68,2018-09-16
271,Life ten see.,474,2,32.89,2016-10-23
272,Not note gas value specific.,557,2,22.7,2014-09-04
273,Interest science choose religious.,889,1,19.46,2018-11-29
274,No picture various bill.,551,1,22.87,2016-07-25
275,Rest specific itself peace.,263,1,36.08,2022-05-04
276,Vote human.,435,3,41.74,2022-03-13
277,Herself dark act.,1117,3,15.39,2020-02-18
278,Than rise even.,1425,2,23.5,2021-08-09
279,Act occur case.,1042,2,21.84,2016-11-06
280,Card rich finally student.,600,3,13.79,2020-03-19
281,Doctor mission discover sport.,1297,3,23.17,2016-12-11
282,Activity score learn really.,1387,1,32.4,2022-10-04
283,Sit subject response.,1208,1,38.65,2015-03-09
284,Responsibility hope beautiful green.,296,3,44.72,2022-12-21
285,Of stand newspaper then.,972,1,31.11,2023-01-25
286,Successful relate build fish brother.,1039,3,33.76,2023-07-17
287,Game race network book.,168,1,12.04,2014-09-10
288,Discussion during service represent.,23,1,28.5,2021-08-29
289,At face shake scientist.,290,1,43.61,2017-02-08
290,Look laugh.,1010,1,38.59,2016-07-12
291,Four behavior strategy.,1054,2,44.65,2022-04-18
292,Third represent through.,873,1,48.43,2022-08-16
293,Final close total admit.,240,1,40.17,2024-02-11
294,Bring such.,1196,2,10.19,2022-06-30
295,Everything quite go apply.,698,1,23.5,2022-09-26
296,Whether treatment shake time.,246,1,47.42,2016-07-22
297,Kid plant rest her.,549,1,49.29,2022-03-23
298,Professor hope produce include.,1458,3,35.74,2014-08-15
299,Simply onto shoulder theory.,102,3,48.61,2016-10-07
300,Training region.,1198,1,25.44,2020-06-24
301,Piece position.,757,1,48.55,2023-11-08
302,Reality since resource level.,714,3,49.09,2020-03-30
303,Argue close language very weight.,133,1,12.34,2023-04-18
304,Produce either.,946,3,43.65,2021-07-11
305,Cover something all.,1204,2,33.16,2019-12-22
306,Building ball forward special.,105,1,37.27,2020-10-29
307,Begin boy everybody performance.,392,1,28.44,2014-12-09
308,Class value.,1179,1,12.43,2018-12-04
309,Side watch trip.,12,3,31.22,2017-02-15
310,Away age part.,828,3,45.85,2023-04-08
311,Next budget approach add painting.,1315,2,23.54,2017-10-26
312,Involve treat under know morning.,629,3,26.67,2021-07-26
313,Let campaign.,1046,2,23.03,2021-09-20
314,Home save series.,377,3,15.97,2024-02-15
315,One ahead we.,1403,3,35.46,2017-07-19
316,Understand run discussion born.,39,3,22.32,2016-01-13
317,Difference plan.,1266,3,14.93,2020-09-19
318,Heart especially degree.,311,2,46.64,2020-09-02
319,Water year try.,197,2,42.51,2021-12-24
320,Manager others fight.,694,1,38.8,2019-08-13
321,Blue shoulder real pull religious.,1491,2,22.46,2021-02-15
322,Despite street prepare choice.,428,1,13.44,2015-04-09
323,Who trip image where.,1021,2,46.96,2015-10-20
324,Ball image practice.,1441,1,46.43,2015-11-28
325,Budget kid stuff hour.,214,1,10.61,2023-04-29
326,Nation threat window.,495,3,31.24,2024-07-01
327,List response.,772,2,21.63,2021-05-18
328,Word health evening.,261,1,29.9,2015-06-27
329,Large reality.,1363,3,40.37,2020-09-11
330,Whose bad.,1405,2,16.88,2023-06-17
331,Church that.,1246,3,13.84,2019-02-20
332,Throughout air smile professional product.,1114,2,19.82,2015-03-31
333,Reflect effort coach tonight.,960,1,14.07,2022-12-07
334,Skin dream run.,398,2,13.12,2021-05-12
335,Cover special never.,458,2,47.36,2017-08-02
336,Week professor individual month.,1167,2,31.89,2020-04-25
337,Party move no drop worry.,414,3,36.72,2020-08-05
338,None ok return.,113,3,39.82,2019-11-20
339,Standard do building.,1208,2,16.8,2017-07-06
340,Down experience base economic participant.,951,2,14.76,2019-01-16
341,Six lead pretty.,790,1,46.09,2018-09-23
342,Watch age arm message listen.,1277,3,34.16,2015-10-01
343,System environment Congress century.,1285,3,26.29,2015-05-15
344,Stop put.,315,2,29.52,2016-08-25
345,Nice top data describe party.,806,3,41.86,2019-01-28
346,Member window nor.,102,1,31.49,2020-06-08
347,Especially suffer art.,1324,3,26.57,2023-04-01
348,Support later little.,887,1,12.36,2019-12-15
349,Listen him always begin city.,1283,2,22.07,2023-01-17
350,Public issue could war.,1499,1,35.24,2020-11-12
351,Democrat event such poor collection.,26,3,40.42,2020-10-04
352,Away strategy whether.,1257,1,49.26,2022-12-09
353,Science instead.,1449,1,29.42,2016-03-16
354,Writer claim camera.,726,1,47.17,2016-01-31
355,Laugh shoulder cup.,342,2,30.57,2021-12-14
356,Both very cover.,1330,2,38.7,2018-06-04
357,Hope short source guess.,1293,2,28.13,2014-12-22
358,Former light politics.,187,3,32.0,2023-09-02
359,Dinner yes throughout school.,592,1,16.12,2024-04-21
360,Tend pattern central.,1440,1,25.93,2021-03-08
361,Pressure official near.,1240,1,13.97,2020-05-27
362,Career government hope.,1148,2,17.81,2019-01-11
363,Cause notice art.,682,1,46.0,2019-12-25
364,Carry personal dark.,473,1,49.48,2015-04-22
365,Start stock since standard option.,918,3,26.61,2022-10-30
366,Decision thought his use value.,782,1,26.03,2017-06-04
367,Model stop opportunity.,1101,1,11.8,2019-06-28
368,Cost difference position understand.,881,2,28.03,2015-05-25
369,Weight area go mention manager.,1054,2,13.92,2019-08-23
370,Pm your.,1169,2,30.98,2017-05-31
371,Whole establish to environment.,184,1,11.21,2020-02-01
372,Local other report evidence available.,651,1,20.53,2018-05-02
373,House degree example example.,1460,1,13.14,2024-04-06
374,The light once picture lawyer.,999,1,17.62,2019-05-20
375,Car power black.,1353,1,37.06,2020-05-08
376,Election level someone.,872,2,26.68,2016-01-04
377,Partner account.,127,2,39.72,2015-03-05
378,Result social oil author organization.,182,1,36.74,2015-03-17
379,Majority natural quickly.,285,1,27.76,2019-03-05
380,Service move something.,1335,2,41.73,2018-07-13
381,Development help child lay.,129,2,10.79,2023-05-19
382,Recent company political.,221,3,26.39,2019-07-18
383,Site thank while find particularly.,1030,3,31.82,2021-06-23
384,Station good detail none respond.,238,2,41.94,2020-01-03
385,Win role.,1144,1,19.88,2023-11-26
386,Believe free history end it.,1430,1,27.51,2016-07-25
387,Doctor ground ability.,1000,2,34.84,2019-09-24
388,Stop north.,1312,2,36.2,2019-11-03
389,Argue house believe a.,569,3,36.34,2017-10-14
390,Enter forward series.,261,2,18.61,2019-05-07
391,Mrs great hold make.,1268,3,32.76,2019-07-14
392,Child want able fear.,871,2,43.83,2021-01-29
393,Scene bag group common.,8,2,11.46,2017-10-25
394,Pass strategy west.,34,1,41.14,2019-08-05
395,Rock form marriage them.,1403,1,26.91,2021-07-27
396,Generation let.,1159,1,34.44,2024-05-10
397,Small argue accept.,1158,3,11.8,2021-10-03
398,Quickly develop check send hit.,1223,3,43.61,2020-11-26
399,Organization learn continue across.,1161,2,15.34,2020-08-23
400,Conference we.,646,2,21.2,2019-08-08
401,Send source.,1256,2,28.77,2021-06-07
402,Recently size action.,1469,1,20.71,2019-05-05
403,From interesting leg.,1101,3,31.05,2022-07-06
404,Look risk edge visit.,218,1,10.06,2022-09-04
405,Evening a green author staff.,1013,1,48.87,2022-05-03
406,Side lot much.,1120,3,30.73,2019-11-20
407,Protect within anything general foot.,1157,1,21.84,2024-06-29
408,Manager force audience factor.,899,3,39.11,2024-04-12
409,Write exactly defense.,1285,3,35.4,2015-06-13
410,Serious never score so later.,117,1,41.74,2024-03-08
411,According watch.,398,1,16.2,2017-12-07
412,Area my practice moment.,146,3,45.79,2018-07-13
413,Weight chance thank style.,203,3,48.9,2022-03-09
414,Peace pick offer.,267,1,32.09,2016-03-14
415,Concern forget provide Republican own.,727,2,34.41,2022-01-30
416,Them make.,107,1,44.1,2017-01-10
417,Maybe time.,624,2,24.21,2018-12-17
418,Parent season.,722,2,14.03,2016-04-09
419,Authority offer never impact concern.,1237,3,36.64,2016-06-03
420,Eye former your son.,921,2,34.55,2023-05-31
421,Happen Mrs whose herself.,945,2,49.48,2019-07-14
422,Smile guy piece.,1015,3,32.88,2015-03-01
423,Until month why.,997,2,21.61,2019-04-07
424,Case eat chair.,204,2,13.03,2019-06-14
425,Speak budget unit.,504,3,15.7,2022-06-06
426,Address always mission.,1030,2,17.81,2023-09-12
427,There attorney out authority.,1321,2,25.08,2018-03-18
428,Still at happy.,655,3,25.32,2017-08-13
429,Both church real peace skin.,929,1,30.14,2022-08-24
430,Various about direction play.,1444,2,16.42,2021-08-22
431,Find because cover responsibility.,372,3,11.77,2023-12-13
432,Increase city season.,944,2,10.44,2017-02-10
433,Source give end city.,1093,1,42.48,2023-07-25
434,Music million development.,473,3,40.03,2018-03-18
435,International ago save low.,196,1,48.03,2016-12-19
436,Born senior in.,404,2,28.27,2015-01-22
437,Plant today front store.,413,2,45.51,2014-08-22
438,Toward still break ready.,1074,2,34.66,2020-06-02
439,Past one seat.,1175,2,21.36,2015-08-19
440,Pattern energy information.,899,3,39.11,2015-04-11
441,Young age recently across.,1443,1,18.94,2016-12-08
442,Class source specific visit.,159,1,47.38,2019-02-03
443,Bill onto small office.,439,1,40.44,2024-01-12
444,Republican here.,839,2,16.29,2016-08-21
445,Population soldier.,928,1,14.84,2021-06-26
446,Physical describe herself.,1357,2,25.35,2018-08-06
447,Join large region.,463,1,30.74,2020-03-20
448,Hold gas.,672,3,35.08,2021-05-22
449,Reveal past ready man theory.,582,2,43.0,2019-06-16
450,Knowledge onto.,1296,3,18.93,2017-12-07
451,Name of officer.,543,1,47.54,2016-03-24
452,Use low member.,28,3,22.57,2016-02-10
453,Too into.,870,2,14.9,2021-11-05
454,Consumer base Mr.,631,3,21.73,2024-01-15
455,Method feel parent man sing.,1406,3,14.44,2014-10-09
456,Almost before traditional.,168,1,42.69,2018-09-13
457,Push wind pretty consumer.,929,1,38.97,2015-07-09
458,After teach skin trade.,742,1,38.41,2018-09-29
459,As long give.,1288,2,16.26,2019-12-18
460,Relate final attack science.,1060,3,24.32,2024-04-17
461,Build scene institution enough recognize.,83,2,15.82,2016-11-18
462,Discuss dinner consider experience provide.,518,1,36.63,2022-08-03
463,Mean newspaper.,549,3,20.92,2021-08-15
464,Right evening pull.,627,2,20.41,2023-03-11
465,Husband both natural.,936,3,41.95,2015-03-25
466,Head last mind.,1279,2,25.54,2024-04-14
467,Worry run.,1027,3,32.85,2020-10-25
468,Lot mention.,425,3,33.57,2016-06-15
469,Either open push shake.,608,1,13.28,2019-12-30
470,Election commercial economy.,735,2,37.42,2018-10-09
471,Use meet author responsibility daughter.,853,2,39.47,2023-11-04
472,Magazine present.,915,3,47.39,2021-07-06
473,Teach together.,1315,1,23.52,2017-07-10
474,Often fear employee.,9,2,33.42,2019-12-23
475,While interest opportunity like include.,889,1,40.74,2020-03-11
476,Too teach federal threat.,919,1,42.58,2017-01-25
477,Lot thousand college.,1080,1,14.12,2021-05-23
478,Friend style.,1446,3,25.36,2024-02-09
479,Wrong like idea.,883,2,46.23,2016-06-27
480,Nor for.,859,3,35.81,2016-11-15
481,Experience wind.,791,1,48.57,2016-06-22
482,Worker challenge close morning while.,768,1,38.19,2019-11-06
483,Cell foreign skill social.,1156,2,10.12,2016-04-11
484,Gas suddenly action able.,1134,1,38.3,2015-03-01
485,Finish newspaper.,1368,1,11.87,2018-06-22
486,Remain how risk.,1288,1,11.31,2020-09-08
487,Situation lot director appear.,583,2,37.92,2021-01-30
488,Culture hear down.,429,2,18.89,2022-10-22
489,Common window note play.,328,3,23.95,2022-08-15
490,Responsibility car front.,344,3,21.83,2016-02-26
491,Recent responsibility any participant.,887,1,17.08,2015-10-01
492,Source traditional speak.,402,1,35.06,2015-02-19
493,Often probably nature against.,75,1,49.47,2018-03-08
494,Music other nature.,921,3,22.99,2024-01-18
495,Probably mind those.,1312,3,29.31,2021-08-15
496,Standard another program science.,620,3,29.09,2014-11-28
497,Green example strong effect good.,792,2,19.32,2023-03-25
498,Store hard.,160,3,29.78,2020-07-10
499,Table least believe in.,407,2,47.01,2015-03-31
500,Group message somebody.,1479,1,48.28,2017-01-02
501,Door I throw administration television.,866,3,25.89,2018-09-25
502,Hundred knowledge reach.,943,3,49.92,2021-03-17
503,Myself nation ready.,244,3,33.4,2023-07-03
504,Mean trip.,487,1,29.13,2022-10-12
505,Action require or society.,1176,2,37.5,2020-06-23
506,Under position dinner option.,854,3,22.92,2020-05-22
507,Idea common store others.,789,2,33.2,2024-03-04
508,Son this.,1348,3,10.36,2024-05-06
509,Billion rule.,1435,1,21.45,2020-05-03
510,Community close.,566,1,10.55,2020-06-14
511,Walk situation difficult ahead.,1122,2,37.01,2019-11-18
512,Such toward to rich.,577,3,29.73,2024-03-29
513,Court short economic.,1470,2,22.91,2015-04-30
514,Community candidate.,93,1,18.3,2019-10-14
515,Meeting traditional event.,1195,2,46.49,2019-05-02
516,Score environmental wait statement.,285,3,43.84,2019-10-08
517,Long now.,1296,3,28.53,2017-08-17
518,Style open central lawyer.,299,2,22.36,2020-01-03
519,Meet move win order.,799,2,16.17,2022-07-28
520,Officer standard character.,845,3,10.96,2017-11-03
521,Action within.,285,1,18.04,2015-05-21
522,Write daughter claim such knowledge.,131,1,16.5,2017-08-19
523,Here trial hold sense bring.,960,2,20.48,2016-08-12
524,Send leave really.,536,1,43.46,2022-05-26
525,Office Mrs effort top.,595,3,10.91,2015-08-04
526,Young unit interest order car.,619,3,34.96,2016-02-26
527,Traditional son product.,118,2,27.58,2024-01-08
528,Field world themselves oil stay.,516,1,36.66,2018-01-26
529,Character middle begin.,431,1,35.62,2015-01-16
530,Support arm stand.,987,1,20.19,2021-11-28
531,Recognize how present story.,284,3,26.88,2023-04-07
532,Member wish.,591,2,20.19,2021-05-11
533,Two join whose kid.,190,2,25.89,2015-01-22
534,Drug year.,412,3,40.03,2015-04-18
535,Others voice during the.,51,1,26.11,2016-08-20
536,Little participant.,187,2,49.24,2022-04-10
537,Member third those.,164,1,13.43,2022-04-08
538,Receive card.,357,1,10.63,2024-02-21
539,Wear bill yeah claim popular.,640,1,48.33,2021-09-16
540,Financial particular the.,591,3,47.97,2014-08-15
541,Sell administration national race.,88,2,33.4,2021-08-19
542,View hospital affect section.,925,3,29.69,2023-11-08
543,Few media.,14,2,28.57,2023-04-30
544,Mouth animal major seat.,876,3,13.85,2018-02-01
545,Toward important toward.,655,1,16.41,2015-11-24
546,Imagine likely already soldier local.,732,2,23.66,2015-08-25
547,Nation life trial.,1088,2,10.94,2018-09-17
548,During region fire.,1051,3,23.36,2017-07-08
549,Very anyone focus.,322,3,24.12,2019-01-29
550,Fast direction specific art.,1264,3,23.47,2020-03-23
551,Condition moment require.,1181,2,10.66,2016-08-29
552,Each head all too.,462,1,41.04,2017-06-22
553,Health itself prevent another.,382,1,10.59,2023-06-22
554,Author gas notice.,623,2,46.96,2015-06-27
555,Peace audience ball such.,484,3,42.48,2016-08-15
556,Effect always debate stay.,75,2,34.9,2021-06-30
557,Reduce learn product matter century.,335,2,30.76,2021-12-28
558,Smile enough coach.,274,3,38.68,2020-11-06
559,Fear fly prepare sense.,330,3,29.17,2020-03-04
560,Contain that game soon.,1136,3,37.39,2017-08-03
561,Art purpose.,463,1,24.07,2018-01-22
562,All difference true.,9,1,13.05,2019-06-21
563,Eight recent major list.,902,3,46.0,2016-03-22
564,Really attorney strategy figure forward.,815,2,15.66,2016-01-15
565,Thus important question.,108,2,33.66,2017-03-04
566,Have picture.,809,2,41.14,2015-08-22
567,Win mind human church.,996,3,25.32,2019-02-13
568,Grow player and.,874,2,21.11,2021-01-21
569,Somebody level describe.,1346,2,46.26,2020-01-10
570,Him let society stay management.,1147,1,29.87,2015-11-07
571,Own table quickly light when.,526,1,32.75,2016-12-16
572,Ball that seat beyond head.,577,2,48.82,2015-06-08
573,Be just father.,517,1,32.54,2024-04-28
574,Discuss music member water.,1162,1,45.64,2020-01-07
575,Next brother federal.,442,1,13.62,2020-08-15
576,Continue guy be during source.,1415,3,24.68,2016-05-27
577,Reduce if.,228,3,40.72,2017-12-06
578,Improve less partner.,302,2,28.16,2018-12-25
579,This clear newspaper example.,7,1,11.34,2019-03-28
580,Kind here assume record.,8,1,29.66,2024-05-31
581,Recently respond.,92,2,29.85,2015-05-17
582,Hour enough control admit.,1119,3,34.82,2021-09-05
583,Three agreement per along.,479,3,17.43,2019-07-03
584,Without career yes.,1002,1,29.24,2022-06-30
585,Close draw.,195,1,23.92,2023-03-11
586,While miss although hour trial.,897,1,12.43,2018-07-11
587,During available choice travel factor.,134,3,32.3,2024-05-11
588,Tree dark day.,168,1,47.85,2020-01-01
589,Manage happen.,504,1,26.87,2020-05-15
590,Contain everything social.,1442,3,35.1,2020-01-24
591,Face few position speak physical.,1108,1,32.32,2023-05-15
592,Fill game direction.,1499,3,31.35,2023-09-21
593,Community movie before.,871,3,44.0,2016-01-06
594,Land effort message.,12,3,22.85,2016-09-05
595,Tree daughter performance drive some.,258,1,23.2,2022-06-28
596,President billion field table.,868,2,38.51,2020-02-02
597,Loss inside.,1310,1,17.06,2022-10-18
598,Least response between respond.,1232,1,22.93,2015-07-22
599,Government field like.,187,2,47.49,2019-09-20
600,White place hospital difference spring.,783,2,24.48,2024-06-30
601,Can network again.,154,2,36.84,2020-05-26
602,Face peace suddenly note energy.,1466,3,43.47,2022-07-13
603,Various prepare agency.,433,2,10.09,2016-03-24
604,Doctor prove strategy.,1066,2,19.53,2018-06-01
605,Report dinner what.,820,2,28.04,2022-04-15
606,Issue section wonder television expect.,689,3,45.56,2014-07-29
607,Skill new clearly.,1189,3,30.92,2017-08-01
608,Story whatever.,264,3,38.65,2018-04-20
609,Hospital enjoy.,1359,2,32.21,2021-08-02
610,Hair condition dog nothing.,1235,3,38.93,2019-03-05
611,Mean natural us assume.,804,2,24.43,2021-01-18
612,Adult challenge will ground floor.,559,2,10.99,2022-01-31
613,Beautiful hand among face.,62,3,44.29,2024-04-26
614,Check can less goal chance.,280,1,31.62,2022-08-11
615,Protect dinner source.,296,2,48.33,2019-06-14
616,Every alone movement measure.,1011,2,26.96,2022-06-27
617,Every itself Republican several.,66,3,43.89,2015-09-27
618,Social since size provide.,1142,2,38.2,2023-04-28
619,Tree doctor friend.,956,1,19.37,2017-06-04
620,Fill whether popular test themselves.,1215,1,44.74,2023-08-09
621,Program assume chair.,1048,2,13.52,2021-12-06
622,Unit interest particularly.,749,3,20.2,2017-01-03
623,Pay coach.,856,3,41.45,2022-07-18
624,Mr conference image.,321,2,25.19,2020-06-03
625,Mean subject identify back lay.,1224,2,16.35,2018-11-30
626,Every city his.,1489,3,16.55,2020-11-07
627,Floor seat toward.,583,2,14.69,2024-03-08
628,Name fear old.,48,3,20.45,2017-04-25
629,Involve can decade bit campaign.,679,1,19.04,2015-01-10
630,Sister can hospital short.,889,2,33.51,2022-09-10
631,Allow get soon.,723,1,29.44,2015-11-29
632,Debate language fall worry.,626,1,13.04,2017-02-15
633,About couple.,328,1,12.7,2017-12-04
634,Indeed son friend site always.,1343,1,37.25,2022-08-27
635,Ready agreement forget.,665,1,11.9,2023-05-25
636,Tonight important.,251,3,28.69,2018-10-26
637,Require drive.,327,2,37.01,2021-03-26
638,Against single ready oil.,738,2,39.82,2018-07-30
639,Well newspaper Congress strong.,1387,1,45.82,2022-07-24
640,Paper he film.,1296,1,49.32,2021-07-29
641,Thank beyond idea.,580,3,23.05,2018-03-24
642,Effect pull between people.,934,2,20.56,2016-11-23
643,Fast group perform book hour.,1433,2,20.68,2017-03-04
644,Hour value even.,451,3,16.93,2024-04-12
645,Ground seek sound.,222,2,43.56,2020-12-08
646,Yourself parent leg when.,1187,2,47.34,2023-08-23
647,Where factor program.,942,2,49.44,2015-06-27
648,Until write return generation.,438,1,30.39,2022-04-11
649,Movie tell wind.,606,3,16.83,2018-05-13
650,Possible whose fish apply.,1496,1,30.52,2015-02-25
651,Drug require.,952,1,16.19,2017-05-08
652,To worker affect deep.,146,1,16.02,2017-06-26
653,Pm spring answer.,375,2,17.97,2017-07-10
654,Important ever.,1471,1,40.76,2018-01-15
655,Major let on coach.,527,2,47.7,2015-02-09
656,Reflect political wind reach sport.,93,2,16.36,2022-09-18
657,Tend space nothing address institution.,1003,3,48.89,2015-01-18
658,Ever check.,13,1,12.19,2017-10-12
659,Power describe.,787,3,48.58,2022-01-02
660,See you off.,302,1,11.06,2020-02-10
661,Particularly in when.,1446,1,36.03,2017-06-13
662,Research arrive take phone.,1352,2,19.57,2015-06-16
663,Glass party law drop.,515,2,42.73,2014-10-04
664,Charge form.,871,1,33.8,2016-12-18
665,One agree similar husband.,564,1,39.89,2017-11-21
666,Learn together.,833,3,38.36,2023-01-08
667,Member though we low.,957,1,15.63,2015-06-08
668,Guy leader spend something.,82,2,26.18,2023-09-23
669,Myself security approach side.,697,1,30.29,2018-08-23
670,Source decade.,114,2,28.0,2016-02-18
671,Whether believe.,1335,3,21.63,2022-08-22
672,Call purpose very fear.,1484,3,46.38,2018-08-03
673,Education since trial animal before.,840,1,30.47,2017-07-11
674,Several reveal time Republican.,1414,1,16.34,2023-12-27
675,Serious in debate want matter.,372,2,13.48,2015-03-22
676,City cell write nature.,1371,2,13.51,2021-08-11
677,Our per.,1333,1,41.96,2021-02-23
678,Talk hundred dinner avoid force.,973,2,47.49,2021-06-10
679,Experience kitchen sometimes tonight raise.,1080,1,34.51,2014-12-23
680,Tough nor because half.,784,1,33.95,2016-10-11
681,Eight condition rate store better.,346,3,45.95,2021-02-21
682,Deep scene head.,199,1,34.06,2023-09-11
683,Possible thing.,641,3,35.52,2021-02-23
684,Democrat pressure why business.,184,1,10.48,2015-11-13
685,Happy hard general than.,1171,2,40.35,2020-12-12
686,Produce this there.,1291,3,10.34,2020-09-17
687,Once say drug despite condition.,52,2,26.79,2023-06-21
688,Word ok.,1467,3,25.85,2016-09-14
689,Model color arm adult official.,691,1,48.87,2021-10-27
690,Score pretty Mr admit college.,1238,1,34.72,2020-11-08
691,Vote result guy.,363,2,27.35,2016-05-01
692,Continue language protect trouble always.,644,2,48.51,2015-05-05
693,Allow offer sea.,90,3,14.04,2019-04-04
694,Almost increase eye.,857,1,25.84,2023-10-13
695,Recognize future statement.,1251,2,24.41,2016-11-20
696,Approach address air health.,50,2,12.71,2016-05-19
697,Growth look.,498,3,30.58,2018-03-28
698,Bill national also dinner phone.,655,2,43.42,2015-04-13
699,Artist set certain agency.,1249,2,38.17,2016-06-07
700,Fund really.,740,2,25.75,2015-03-15
701,Available address.,198,3,35.86,2019-03-26
702,Positive leave debate hundred professional.,13,1,28.43,2019-09-01
703,Which war thought.,902,1,13.16,2021-06-28
704,Evidence remain window boy.,542,3,24.75,2021-02-06
705,Reason system step.,1295,3,42.76,2019-11-27
706,Himself wonder religious news.,75,2,14.58,2017-07-21
707,Both dog expert.,673,2,18.11,2019-11-01
708,Cup agree major.,1098,3,26.95,2015-07-27
709,Hair life soon course.,1205,1,33.99,2016-11-13
710,Window lose.,967,2,48.99,2016-12-30
711,Letter blood reveal.,247,3,35.03,2024-05-20
712,Past drive.,1318,2,16.16,2023-05-31
713,Point growth deal service.,1259,3,11.98,2021-04-17
714,Very base effect order.,611,3,42.04,2018-07-27
715,Foot begin community.,99,3,24.24,2021-09-28
716,Effect measure give.,789,1,27.17,2017-03-21
717,Head require local.,793,2,16.23,2021-06-16
718,Day bank dark live water.,581,2,25.13,2022-10-27
719,Me game.,431,3,32.9,2019-06-16
720,Pick pick how perform back.,144,2,43.58,2017-12-28
721,Owner bag spring meet.,240,3,34.64,2018-04-15
722,All magazine.,933,1,15.07,2017-04-05
723,Inside police.,785,1,34.46,2023-03-06
724,Cost big attention yet significant.,669,1,38.68,2015-07-03
725,Central best war paper.,911,2,14.8,2016-07-03
726,Director their card.,160,2,21.71,2023-12-22
727,Behavior establish gun believe.,735,3,18.69,2015-12-15
728,Kid identify.,94,2,43.28,2023-08-15
729,Medical down read.,36,1,30.04,2019-06-02
730,Middle measure economic.,1115,2,27.57,2020-03-31
731,Heart will serious people newspaper.,323,3,29.44,2021-07-23
732,Morning help if modern partner.,1345,2,30.65,2022-11-23
733,Whole child evidence.,1474,1,44.09,2023-05-30
734,Offer as though.,1479,1,13.95,2020-07-16
735,Father skin last citizen.,1299,2,43.01,2023-04-18
736,Response without military important.,178,2,33.19,2017-10-10
737,Event land.,764,1,15.64,2014-07-17
738,Surface true father.,1057,1,47.27,2016-07-25
739,Positive world.,721,3,10.23,2020-06-12
740,Despite degree assume method.,1344,3,23.35,2015-08-05
741,Indeed edge structure.,1377,1,31.07,2021-12-25
742,Treatment care including.,1459,1,49.28,2019-02-06
743,Teacher condition whole thought attention.,821,3,10.41,2019-12-22
744,Free unit top.,163,2,40.99,2017-10-05
745,Present senior discover line.,818,1,13.23,2017-12-03
746,Suffer participant.,817,1,33.86,2018-03-09
747,Part involve four food add.,1089,2,32.0,2017-11-27
748,Others herself.,616,1,36.63,2019-06-04
749,After draw view.,281,1,35.24,2019-12-24
750,Always half.,457,2,36.29,2015-10-14
751,They fast peace.,1444,2,49.62,2014-09-03
752,Artist foreign or.,468,2,30.23,2018-08-20
753,Practice alone fill energy figure.,958,1,16.22,2021-01-18
754,Fly current.,1488,2,26.27,2024-04-14
755,Reality per woman indicate her.,111,3,44.34,2024-02-07
756,Political expert science line find.,1427,3,16.59,2023-01-16
757,Performance both thousand.,1114,1,24.13,2018-07-28
758,Sing wall feeling public.,358,1,13.74,2016-06-28
759,Buy authority.,754,1,30.0,2024-01-28
760,South scientist.,630,2,34.69,2023-03-22
761,Always safe.,89,3,36.04,2015-07-30
762,Doctor artist.,987,1,32.94,2021-07-31
763,Customer here beyond right.,1279,2,20.08,2021-09-30
764,Perform memory scientist list everybody.,146,1,36.09,2020-07-24
765,Present he election movement.,1060,2,16.31,2014-10-14
766,Site each.,510,2,39.02,2023-05-01
767,Describe where system us house.,748,2,12.98,2021-02-24
768,Bring page book.,1062,1,28.21,2015-11-19
769,Senior although word green.,33,2,10.03,2018-01-18
770,Board smile character evening write.,1182,3,23.82,2020-07-25
771,Bar international foot message.,865,1,11.92,2022-10-03
772,Remember miss seem military near.,157,3,49.93,2015-07-12
773,Protect middle various career.,1059,1,32.72,2018-09-03
774,Rate husband respond.,932,3,38.93,2018-12-04
775,At difficult leader.,644,2,23.69,2020-06-14
776,Avoid time a class.,663,2,38.46,2023-01-23
777,Performance mission.,668,1,17.83,2018-10-27
778,Produce evidence include.,1029,2,15.82,2020-10-13
779,Around theory perhaps wait.,104,3,23.55,2018-05-07
780,Activity difference nation.,1107,3,12.88,2018-01-01
781,Increase international present.,548,1,46.58,2014-08-15
782,Trade away certainly maybe defense.,1060,1,24.88,2019-06-07
783,Law fund can stage.,1442,2,38.85,2014-09-05
784,Own be yet mention.,399,2,46.0,2017-02-23
785,Gas debate necessary sort.,304,3,23.94,2015-05-31
786,Summer cell himself.,237,3,21.5,2023-09-12
787,Bag make amount catch.,1294,1,12.47,2018-01-11
788,End party second office large.,316,1,38.25,2022-03-20
789,How price story.,135,2,40.9,2018-05-01
790,Simply represent usually himself reason.,233,1,26.13,2014-09-23
791,Show throw.,204,2,16.57,2017-04-22
792,Seven pick tough lose entire.,451,2,46.36,2021-08-23
793,Particular least very finish guess.,1349,1,43.48,2023-04-13
794,Contain note.,567,1,38.72,2015-01-06
795,Left large me state.,1023,2,16.72,2015-09-09
796,Force article grow.,946,3,32.32,2020-08-18
797,Stop only.,1210,2,34.05,2014-07-19
798,Science fly.,182,1,27.63,2018-10-20
799,Move rather wear.,1272,3,45.73,2022-01-24
800,Public reduce catch him.,1046,2,13.33,2017-10-11
801,Soon film say need.,373,2,29.33,2018-12-03
802,Woman there popular guess man.,244,2,34.25,2015-12-24
803,Region ground.,157,3,46.86,2015-04-01
804,However local any.,1405,3,27.81,2017-03-06
805,Guy follow late.,242,3,39.24,2022-07-07
806,Remain what avoid both.,737,2,21.58,2017-09-27
807,Think clearly research party.,1419,2,19.09,2018-01-20
808,Back forget movement yet.,324,2,16.15,2018-12-25
809,Time leave same friend.,1180,1,25.12,2015-09-01
810,Stand person house early.,1281,2,19.08,2015-12-11
811,Town never need.,1033,3,32.96,2018-08-01
812,Chair Congress more series.,1370,3,17.71,2017-09-16
813,Nearly game eight however.,1300,2,22.27,2016-02-20
814,Education dream relationship page wife.,928,3,25.25,2015-07-28
815,Any these company friend material.,223,1,20.13,2015-02-06
816,Bag study scene.,243,1,14.64,2019-04-30
817,Human identify I since.,594,1,44.07,2021-11-23
818,Rather hand month protect Democrat.,985,3,26.73,2016-02-17
819,Certain cut design.,615,2,12.6,2022-10-17
820,Reveal property nation.,565,2,47.02,2016-06-21
821,Begin along consider different five.,471,3,20.29,2020-09-30
822,Across reach send.,918,2,46.59,2019-10-07
823,Dog history.,1273,1,44.45,2023-12-17
824,Join police Mrs.,1069,3,42.11,2022-07-27
825,Minute statement military.,473,1,17.07,2023-09-21
826,Officer probably woman special.,100,3,36.62,2020-11-06
827,Truth thing sort model maintain.,906,1,39.98,2017-11-10
828,On pull nice situation well.,164,3,25.14,2021-07-27
829,Prevent job five.,1201,2,26.97,2014-11-26
830,Special easy they single.,690,2,40.75,2019-10-30
831,Between full consumer.,836,1,13.99,2024-01-19
832,Current money black model research.,1301,2,30.2,2015-04-03
833,Respond someone else.,1154,3,14.24,2024-06-08
834,Say remember value some.,840,1,28.69,2017-02-15
835,Rock at.,1435,1,11.99,2021-02-22
836,Often national.,1,2,47.01,2019-08-21
837,Old several sure.,110,3,21.96,2020-08-07
838,Turn fast century space.,62,3,17.35,2015-05-13
839,Writer ready describe.,1266,1,41.11,2022-02-16
840,Education wrong time debate.,1147,3,10.86,2020-09-30
841,Type soon.,161,2,36.01,2020-05-25
842,Imagine company bed food.,558,2,18.51,2017-06-19
843,President animal second mean with.,1297,2,14.87,2018-04-12
844,In water term.,1059,1,28.76,2021-10-26
845,Kid authority.,131,3,31.12,2018-09-30
846,Support kid toward financial.,559,3,30.76,2021-03-23
847,Body book whose action.,73,3,40.47,2016-08-22
848,Six I arm expert suggest.,1463,3,26.09,2024-01-11
849,Cost risk.,66,2,32.08,2015-06-20
850,Likely less eight.,1005,3,15.9,2022-12-13
851,Room change too particular.,776,3,45.48,2015-12-02
852,Woman various.,748,2,35.46,2016-08-17
853,Discussion food community.,1026,1,39.85,2023-08-27
854,True social represent hot.,379,3,33.02,2021-03-21
855,Role provide put yes trade.,289,2,23.85,2018-03-25
856,Receive impact camera.,835,3,27.67,2023-04-07
857,Subject process to deal executive.,242,1,33.89,2019-10-06
858,Democrat American oil.,594,3,46.59,2022-08-31
859,However establish nation effect.,556,3,27.59,2022-10-27
860,Agent energy science live.,111,1,40.01,2019-07-11
861,Baby line two show.,1194,1,47.34,2019-01-20
862,Do thing.,812,2,27.18,2019-03-14
863,Need policy contain wear.,156,1,33.28,2015-06-10
864,Test artist last simple.,1267,3,13.89,2017-12-31
865,Recognize people subject ready painting.,1112,3,28.26,2014-10-13
866,Health still news per agent.,1470,1,17.1,2022-01-05
867,Medical store who according.,794,1,11.69,2023-06-30
868,Expert value hair author book.,722,3,24.47,2022-01-29
869,Standard sense art performance bag.,202,1,24.94,2018-07-07
870,Message whether.,278,1,24.31,2020-11-02
871,Support who interview so.,748,3,16.48,2017-05-31
872,First skill fact.,291,2,30.72,2018-09-27
873,Civil policy summer back message.,98,1,14.94,2018-01-09
874,Culture despite represent control first.,671,1,40.5,2019-09-01
875,Guy go.,87,1,46.08,2024-02-23
876,Speak necessary catch full.,531,2,43.96,2023-05-12
877,Attention discussion we.,656,2,42.6,2017-08-28
878,Support become product important.,1088,1,11.02,2017-02-10
879,Fall those central should pull.,990,3,39.37,2016-06-18
880,Entire mean series official.,986,1,33.72,2019-07-08
881,Change half society run feeling.,1233,2,15.72,2018-08-04
882,Tree debate provide.,1379,1,42.17,2020-02-24
883,Lead scientist number almost.,1089,3,14.7,2016-05-04
884,Maintain learn fine security.,852,2,40.86,2019-12-02
885,Whatever movie begin.,348,2,49.97,2022-03-12
886,Board treat.,791,1,30.42,2016-02-02
887,Successful growth realize.,1245,2,41.12,2016-04-27
888,Growth late fall.,508,2,35.81,2021-12-26
889,Poor theory service senior run.,15,3,27.98,2020-06-06
890,Move collection subject.,1137,3,10.76,2019-07-14
891,Outside movie.,1165,3,29.12,2021-03-08
892,Cell four unit.,703,1,26.87,2023-08-23
893,Serve either.,1226,3,34.37,2017-03-08
894,Commercial organization little one main.,533,1,49.76,2020-12-30
895,Red quite road discussion.,1248,3,28.86,2020-09-07
896,Few friend system image.,1348,3,32.47,2015-05-21
897,Each manager education.,1161,2,23.16,2024-05-17
898,Fight friend through service.,481,2,45.77,2014-07-12
899,Material professor crime kind.,1361,1,20.24,2018-08-20
900,Campaign collection.,655,3,36.2,2022-12-16
901,Nearly start sea prove.,3,1,17.06,2018-02-19
902,International machine writer Congress.,790,3,11.28,2020-02-28
903,Where another item pattern.,1263,1,12.1,2022-03-09
904,Go blue director very north.,1362,1,37.46,2019-03-30
905,Security argue.,342,1,24.14,2019-06-06
906,Reason wall.,964,3,26.78,2016-12-11
907,Reality dream tonight watch.,110,3,43.87,2021-07-20
908,Writer dinner bit.,538,1,28.17,2019-07-29
909,Over maybe.,684,1,19.84,2016-08-05
910,Election better beautiful order.,206,1,25.12,2022-12-05
911,Share a.,1451,1,49.54,2016-02-04
912,Rule goal course black.,1427,1,42.39,2022-06-07
913,Possible student some.,637,2,12.47,2020-08-20
914,Later class career.,1437,1,39.32,2014-10-08
915,Spend ask really hotel.,893,1,39.81,2019-10-04
916,Hour drug physical better.,544,3,16.9,2015-02-17
917,Explain she after represent could.,897,1,31.72,2020-04-15
918,Owner military condition.,1329,2,35.96,2015-02-07
919,High market admit.,1274,1,19.91,2023-07-10
920,Note southern child.,1473,2,41.47,2019-03-05
921,Themselves find view.,586,2,11.02,2019-09-02
922,History view health hand.,695,3,21.3,2018-07-18
923,Program require least.,469,1,44.41,2019-10-29
924,Note four account group.,1322,2,45.23,2017-03-22
925,Build mind our hold director.,643,1,29.81,2015-06-01
926,Say couple course produce.,1234,3,42.85,2019-10-28
927,First citizen fire local.,1410,1,11.01,2021-03-11
928,Community author show.,611,1,15.58,2019-03-17
929,Beautiful any about minute.,1268,3,47.36,2024-05-04
930,Speech under.,519,1,28.78,2024-02-20
931,General feeling.,1100,1,37.99,2018-10-21
932,Interview commercial according.,381,2,47.37,2018-06-11
933,Glass along health few.,1374,2,17.77,2017-02-22
934,According be successful.,565,1,29.76,2016-09-21
935,Upon care really effort.,681,3,39.21,2022-06-13
936,Size spend reason why.,116,1,35.84,2016-12-20
937,Prove there.,1208,2,32.06,2016-11-24
938,Herself not.,206,1,26.22,2019-10-24
939,Democrat single environmental.,1071,1,48.39,2016-06-17
940,Drop but peace despite.,493,2,30.26,2015-01-15
941,Individual single.,1342,1,44.55,2019-06-20
942,Response perform southern.,128,1,21.98,2023-04-22
943,With street thousand cup benefit.,1023,3,48.67,2021-08-27
944,Century item address keep.,1469,3,40.48,2016-05-02
945,Want sense market.,561,1,23.59,2016-03-07
946,Still other note share.,54,1,47.89,2016-05-07
947,Military seat.,289,2,17.49,2018-09-25
948,Situation scientist indicate east.,983,2,31.98,2017-09-13
949,See PM treat.,204,3,13.62,2022-11-30
950,Model like station evidence.,1302,1,30.95,2018-05-11
951,Offer world.,1061,1,29.37,2017-04-29
952,Market ahead whose various next.,637,3,20.15,2020-08-18
953,Might fine will person environment.,312,1,45.11,2016-09-24
954,Street hold apply.,779,2,44.29,2022-08-16
955,Provide up.,954,1,38.33,2015-02-12
956,Activity word benefit analysis.,274,2,47.17,2021-04-02
957,Almost available major.,432,2,35.27,2014-07-13
958,Nice home improve general.,989,3,37.86,2023-11-16
959,Training action.,415,2,16.92,2021-03-03
960,Section majority take.,1089,3,46.65,2022-09-05
961,Next heart.,432,2,41.33,2014-11-05
962,Quality couple.,477,3,31.89,2017-06-01
963,Left no scientist accept discover.,337,3,30.84,2023-07-26
964,Medical long find top.,1406,2,22.13,2021-12-08
965,Week family major stage.,1039,2,39.69,2019-10-30
966,Soldier old team enough.,1364,3,12.19,2023-11-28
967,Parent all million leg.,529,2,37.66,2017-01-13
968,Then he say standard.,1020,1,48.59,2020-07-20
969,Million population follow.,873,3,44.55,2023-12-04
970,Fish mind car beautiful without.,436,1,12.38,2023-05-01
971,Simply four interview term community.,344,3,29.44,2014-09-17
972,Leg drive responsibility.,857,3,14.38,2024-02-12
973,Heavy listen have industry type.,342,1,38.34,2018-05-25
974,National later doctor follow.,1456,1,37.45,2018-11-30
975,Change list pay easy.,440,3,48.77,2017-11-24
976,Different wonder recently exactly.,447,1,19.26,2022-11-03
977,Impact spend seek.,130,1,12.46,2023-01-22
978,Since particularly real draw.,123,3,39.95,2016-04-24
979,Travel interesting upon.,425,1,21.62,2021-12-31
980,Physical southern mother institution.,562,2,39.61,2023-07-04
981,Course partner you.,1315,2,38.9,2020-11-02
982,Laugh leave blood.,1487,3,10.01,2020-06-24
983,Else indicate consider weight.,172,2,39.45,2017-12-08
984,End majority final mean.,886,1,16.68,2023-12-11
985,Board minute later.,13,3,25.36,2019-01-05
986,Peace skin country.,1094,1,25.71,2015-09-12
987,Discover exactly less.,340,3,38.34,2017-08-06
988,Think sing certainly inside sell.,1299,2,18.17,2017-05-11
989,Fund bag pull.,1170,1,27.52,2019-05-21
990,Research man.,53,1,26.98,2015-11-13
991,Today help.,248,1,13.36,2016-09-02
992,From outside offer such.,280,2,29.94,2019-07-06
993,Drive suddenly necessary.,1198,1,10.77,2019-04-07
994,Almost son woman either society.,861,2,46.7,2016-10-27
995,Star hour authority certainly.,618,3,32.16,2019-09-30
996,Hospital painting edge teacher perhaps.,310,1,35.28,2019-01-13
997,Only against describe admit public.,748,1,29.82,2016-11-29
998,Today between.,481,2,15.64,2019-12-22
999,Against white study.,312,2,43.78,2014-11-23
1000,Doctor early community.,293,2,36.57,2017-11-17
1001,Director write deal.,722,1,35.97,2020-10-15
1002,Stop Congress.,1148,1,17.26,2019-08-21
1003,Take water operation although.,55,2,19.99,2019-12-21
1004,Event picture conference own early.,1113,3,41.58,2018-03-07
1005,Dog relationship return determine.,977,1,34.49,2021-03-14
1006,Consumer one east decide.,528,2,28.34,2019-07-31
1007,It station ask she scientist.,441,1,19.08,2022-06-07
1008,Trip sit training far age.,539,3,26.2,2019-01-20
1009,International you sport economy.,524,2,34.98,2022-01-26
1010,Campaign similar enter.,223,1,21.17,2015-12-10
1011,Pretty hit financial.,1160,1,28.04,2020-01-13
1012,Threat international of final rule.,436,1,31.75,2022-02-27
1013,Do need place bring open.,15,1,17.36,2017-12-07
1014,Real continue teach thus.,1251,2,46.68,2018-07-30
1015,Strategy strong.,816,1,24.54,2017-11-11
1016,School science window deal fly.,462,2,16.45,2019-05-27
1017,Least low age future.,1252,3,41.47,2014-09-22
1018,Oil recent central.,238,1,14.2,2021-08-26
1019,Good protect across.,228,1,16.18,2020-06-28
1020,Difference place east law.,177,3,35.26,2015-02-07
1021,Data treatment add.,1112,1,27.01,2019-12-31
1022,Majority at watch.,1285,1,43.13,2018-12-01
1023,Health close within effect.,700,1,19.38,2019-06-21
1024,Ten camera as.,961,1,15.0,2016-12-15
1025,Week contain federal both.,937,3,41.1,2018-09-20
1026,Economy community prepare.,971,2,15.59,2019-10-01
1027,Respond Democrat prepare time.,415,2,14.19,2022-03-10
1028,And particularly drop development computer.,488,3,49.49,2022-04-02
1029,Shake standard practice.,1241,2,24.18,2018-07-10
1030,Degree style.,1032,1,18.97,2018-02-26
1031,Fish morning cold source room.,1047,1,35.91,2023-05-21
1032,Career president do must.,1444,2,10.15,2019-06-29
1033,Fight paper there.,1310,3,37.63,2023-02-11
1034,Cup business.,217,2,46.32,2020-04-07
1035,Story pressure piece this best.,1235,2,21.34,2018-09-20
1036,Seven off hand security real.,94,2,19.96,2022-10-29
1037,Free police pick.,1164,3,11.35,2020-04-04
1038,Direction statement ability knowledge.,797,2,46.31,2017-07-26
1039,Fly need son.,286,1,21.22,2016-08-01
1040,Assume fish during significant.,81,2,23.68,2022-11-04
1041,Example own charge finish.,1390,3,31.95,2022-11-01
1042,Last without challenge catch energy.,324,3,30.81,2019-03-03
1043,See man leave as.,244,1,33.14,2024-04-14
1044,Need task join data.,198,1,33.75,2023-12-12
1045,Note woman perhaps positive.,972,3,44.47,2018-08-13
1046,Member thus likely strategy.,1174,3,19.49,2017-07-27
1047,Although build reason.,1414,2,13.15,2015-09-15
1048,Expert brother stock edge.,335,3,15.37,2015-04-22
1049,Foreign age require.,1180,3,49.66,2022-05-03
1050,Song interesting.,1345,2,27.35,2017-03-10
1051,Reality we property technology party.,303,3,15.59,2024-06-26
1052,Glass bad far style plan.,412,2,37.52,2016-06-09
1053,Main responsibility fight control.,767,2,19.86,2020-11-15
1054,Live arrive end.,1078,2,14.53,2020-09-20
1055,Law smile soldier call.,1337,2,46.5,2023-08-24
1056,Manager also teach set.,875,1,18.37,2015-07-30
1057,Yard eight sure though return.,1022,2,21.46,2021-01-24
1058,Source color response.,1490,1,16.54,2015-11-09
1059,Them fear.,1291,3,13.85,2024-03-30
1060,Management Mr character.,235,2,43.36,2015-04-13
1061,Bag figure.,512,2,44.53,2015-09-20
1062,Difficult her here.,224,2,48.77,2019-05-31
1063,Finally system.,638,2,39.17,2022-03-08
1064,There represent discuss professor.,982,3,17.1,2015-09-22
1065,Language federal treat food.,1205,1,12.76,2015-06-04
1066,Measure more drop best.,44,1,20.33,2015-01-23
1067,Area thing responsibility professor fall.,730,1,40.83,2022-08-04
1068,Six claim.,302,3,24.17,2016-12-02
1069,Help discover.,1207,2,17.53,2017-04-23
1070,Defense coach.,570,3,36.27,2022-10-17
1071,School large center east.,880,1,32.04,2024-03-05
1072,Garden month situation admit live.,1387,2,36.29,2015-05-27
1073,Visit style recent to leg.,1015,3,21.56,2022-02-15
1074,Capital model resource tree.,1072,3,48.98,2019-06-30
1075,Guess late enough.,1450,3,31.61,2018-01-24
1076,Culture big yes.,631,3,39.34,2015-01-16
1077,Of cost.,448,2,11.35,2014-09-20
1078,Fall back sit.,774,2,17.37,2021-12-03
1079,Laugh decision admit knowledge.,1491,3,42.91,2017-12-30
1080,Including wall single.,819,2,21.35,2016-07-07
1081,Middle safe wife defense.,67,3,38.56,2014-10-18
1082,Dark enough radio.,140,3,49.19,2022-11-14
1083,Receive prevent measure.,816,1,16.62,2024-05-27
1084,Staff without near career.,863,3,19.07,2019-01-15
1085,Seat travel someone behind.,1205,1,30.96,2023-05-12
1086,Economy may type environmental.,1477,3,42.54,2020-06-06
1087,Option another bad economy car.,303,2,32.71,2020-12-11
1088,Spend blue man quickly raise.,1356,1,47.65,2016-01-10
1089,Result idea.,219,3,38.59,2021-01-02
1090,Arm build herself prove.,744,2,22.85,2020-03-27
1091,Significant health analysis tax.,837,1,48.73,2017-11-05
1092,Never city including of bag.,1476,1,22.67,2022-01-31
1093,Half Congress here agree both.,1161,2,22.3,2015-12-22
1094,Pull plan music.,56,1,14.07,2023-03-25
1095,Result fact author.,60,2,23.82,2022-10-27
1096,Suggest audience arm.,663,2,34.94,2020-10-13
1097,Result seven.,1100,3,33.07,2019-04-20
1098,Safe similar artist.,447,2,15.99,2019-02-01
1099,Opportunity another I.,900,3,22.9,2017-01-15
1100,Action may employee.,428,2,46.75,2018-02-11
1101,Easy than able perhaps.,1126,2,23.59,2018-07-27
1102,Find throw yes.,962,2,25.03,2023-09-20
1103,Everybody six mention police.,570,3,41.53,2021-02-21
1104,Participant goal wife trade during.,163,2,18.88,2019-02-15
1105,Factor how stand.,1190,2,43.75,2019-09-20
1106,Stay follow.,1238,2,47.91,2017-02-15
1107,Avoid serve easy.,1399,1,10.84,2019-11-24
1108,Including enjoy either.,1297,1,10.23,2016-10-05
1109,Impact choose pick.,1334,1,20.57,2019-03-22
1110,Seek response away early.,494,2,40.55,2015-01-15
1111,Garden or process low too.,177,2,10.88,2020-05-22
1112,Out conference thousand note.,564,1,23.11,2017-09-20
1113,Trip paper order.,306,2,48.1,2023-10-25
1114,List air science rich especially.,206,2,23.87,2020-01-20
1115,Part ball new dog.,31,1,25.27,2014-07-28
1116,Buy test onto TV hand.,912,3,27.72,2020-04-13
1117,Same series federal rich I.,1384,2,25.59,2016-07-22
1118,Subject catch sister large.,277,1,16.35,2020-12-27
1119,Tend tree perform minute.,1307,2,29.36,2017-08-17
1120,Light daughter power American.,1487,2,36.23,2023-11-30
1121,Forward top star.,375,2,34.49,2023-05-02
1122,Room hot nor listen well.,34,1,27.96,2023-09-08
1123,Nothing either money few.,1270,3,29.47,2022-04-02
1124,Enjoy career we.,543,3,28.06,2018-08-11
1125,Source better such.,1289,2,13.98,2020-11-24
1126,Contain commercial day story.,1,2,26.34,2022-08-11
1127,Successful mention skill recognize society.,1081,3,33.75,2020-11-14
1128,Interest smile home ready.,1260,1,27.29,2024-06-23
1129,Player country cultural.,40,1,15.36,2023-03-06
1130,Trouble wrong.,744,1,39.16,2014-09-03
1131,Ten front bar agreement.,1105,1,26.82,2020-05-14
1132,Speech conference actually.,404,1,31.14,2022-07-05
1133,Should decade.,1223,3,25.03,2022-07-29
1134,Relationship alone house bank thank.,109,2,40.7,2016-05-31
1135,Force above avoid poor.,1361,2,41.4,2019-07-25
1136,Matter doctor close surface.,1131,2,26.82,2016-04-14
1137,Hot child religious.,1186,3,48.29,2016-09-10
1138,Result table yard.,1233,3,24.31,2022-10-06
1139,Best performance be trip according.,730,2,28.14,2015-06-28
1140,Letter president summer hold.,117,2,30.52,2021-01-21
1141,Yet for good thing.,1499,2,46.53,2017-03-01
1142,Likely leave picture answer.,1424,1,33.01,2017-04-19
1143,Account same wind method figure.,264,1,11.13,2015-07-03
1144,Trip else.,683,3,16.71,2019-07-17
1145,Both baby.,988,2,28.16,2016-06-11
1146,Development ability reason may ground.,935,3,34.5,2020-07-16
1147,Describe important.,960,1,32.86,2020-05-20
1148,Technology source culture money.,1309,3,31.28,2022-03-02
1149,Science down campaign.,526,2,10.91,2017-11-03
1150,Image role issue side successful.,579,1,36.7,2017-11-15
1151,Eight dark.,1106,1,30.9,2024-06-19
1152,Expect argue style.,76,3,18.25,2018-09-15
1153,Red nature.,977,2,12.56,2016-02-03
1154,Floor tough recently mother land.,31,2,35.02,2022-12-01
1155,Laugh cut technology.,217,2,10.05,2019-11-07
1156,Someone fund world.,1294,3,15.85,2016-01-25
1157,White believe to.,993,1,21.75,2015-07-26
1158,Every everyone suddenly over describe.,1018,3,35.19,2014-10-30
1159,Democratic fight political space I.,286,3,30.37,2022-06-09
1160,Not wish generation beautiful.,756,2,28.97,2017-03-02
1161,End process.,580,1,43.39,2020-07-20
1162,Worry her indeed billion brother.,1261,2,14.16,2021-04-21
1163,Yet catch race.,547,2,30.66,2017-10-14
1164,Eye much already.,352,1,31.18,2014-09-16
1165,Bad appear two.,1499,2,10.66,2016-11-08
1166,State few almost wind continue.,1083,2,11.16,2019-02-15
1167,Task begin.,575,2,46.27,2017-02-25
1168,Mouth describe statement wide.,1133,3,38.76,2021-05-18
1169,Full office focus son.,289,3,36.19,2023-09-18
1170,Type manager church growth physical.,1054,2,13.93,2023-03-11
1171,Method question real condition.,1328,3,49.61,2018-02-05
1172,Newspaper huge money garden not.,1371,2,12.37,2014-09-03
1173,Program food behavior building artist.,1463,3,12.53,2021-01-04
1174,Southern heavy investment.,184,2,22.36,2024-02-29
1175,Capital summer serious those.,846,3,40.3,2016-12-04
1176,Large past mean picture.,1488,3,18.01,2019-08-02
1177,Family discuss collection.,1491,1,20.8,2017-12-14
1178,Art happy window each.,868,3,22.63,2018-03-11
1179,Your local.,490,2,32.8,2018-07-03
1180,Miss participant story.,973,2,36.66,2016-02-08
1181,Similar benefit.,1060,1,27.07,2014-08-11
1182,International character keep indeed half.,334,2,42.49,2020-08-27
1183,Protect us author.,629,3,26.32,2015-11-01
1184,Include respond.,1094,3,45.56,2023-10-26
1185,Perhaps tonight.,852,3,43.27,2021-03-10
1186,Four ago street window.,556,3,17.73,2024-06-17
1187,Recognize ahead country.,1041,2,41.82,2019-01-04
1188,Right few as party at.,340,2,42.45,2015-03-07
1189,Cut people another.,800,1,20.38,2020-04-22
1190,War especially whom.,1200,3,44.16,2023-12-06
1191,Quite across certain realize.,630,2,25.78,2014-08-22
1192,Reveal loss example medical hotel.,766,2,15.98,2021-09-14
1193,Beat free artist boy single.,1451,1,21.96,2022-05-08
1194,Expect forget hit law bring.,1360,1,26.05,2019-07-04
1195,Wait computer it hotel himself.,845,1,16.76,2022-09-20
1196,Real begin yet blue seem.,607,1,42.53,2015-03-10
1197,Write agreement something.,1204,3,43.12,2017-01-20
1198,Movie admit voice.,565,3,32.38,2016-02-07
1199,Soldier subject record.,466,2,33.45,2019-06-06
1200,Win claim.,258,3,47.01,2020-10-20
1201,Feeling bad.,822,1,46.66,2015-01-30
1202,Success owner item.,668,2,20.75,2022-05-18
1203,Page home physical become.,1070,1,14.7,2019-01-14
1204,Name animal.,913,2,22.28,2015-02-01
1205,Parent we Congress west.,706,2,23.34,2017-10-03
1206,Really similar we born.,1446,3,38.97,2017-07-24
1207,Nearly anyone price reason instead.,1082,3,17.37,2019-02-22
1208,Ground international yard.,846,2,22.2,2021-07-12
1209,Course other including.,332,1,15.83,2021-01-12
1210,Cold successful government however.,980,1,46.55,2020-06-23
1211,Wear any success.,1098,3,23.89,2015-01-02
1212,Red head social career.,805,2,18.21,2016-05-29
1213,Seat language fast necessary less.,1389,3,44.98,2019-04-15
1214,Yeah why action conference.,188,1,37.65,2022-11-27
1215,Already mean hold quickly action.,88,2,41.2,2020-06-21
1216,There result drive.,577,1,49.03,2018-12-03
1217,Arrive recently catch.,852,3,41.22,2018-10-04
1218,Approach cell member watch partner.,283,2,13.62,2021-06-11
1219,Attorney strong course.,1007,2,47.77,2015-11-23
1220,Director step people whether.,319,1,46.24,2020-12-10
1221,Level son another decision.,1164,2,44.47,2021-06-21
1222,Short catch small.,873,2,15.13,2019-09-14
1223,Play cost success.,151,1,42.53,2023-06-27
1224,Indeed positive.,680,1,39.8,2020-10-28
1225,Away until score.,1125,2,33.73,2016-09-28
1226,Four decide.,354,1,41.7,2022-10-13
1227,Need enjoy.,552,2,28.37,2014-07-10
1228,Raise little moment tax fight.,912,3,12.3,2018-10-12
1229,Return his think why.,293,3,10.51,2015-07-01
1230,Chair huge little.,49,3,11.22,2017-10-20
1231,Form out especially year.,212,1,41.54,2022-01-31
1232,Direction school.,764,1,21.82,2017-10-05
1233,Side air.,361,3,14.12,2021-04-29
1234,Since its.,450,2,35.66,2023-08-10
1235,Go happy computer send food.,1465,2,47.93,2020-12-17
1236,Pass north always.,411,2,33.83,2018-01-11
1237,Over that successful carry central.,884,3,38.93,2019-12-04
1238,Work hot wait.,1301,3,46.08,2017-02-02
1239,Daughter thank.,635,3,38.4,2023-04-08
1240,Peace system peace admit story.,1301,3,22.79,2018-06-11
1241,Court kitchen lead.,435,2,27.41,2021-04-03
1242,Huge evidence political central tell.,1225,2,37.55,2017-02-24
1243,Similar deal pull better.,354,3,34.52,2018-12-10
1244,Firm surface.,319,3,46.59,2019-09-28
1245,Many option.,1440,3,21.14,2014-11-08
1246,Score partner hard chair.,824,2,45.65,2016-10-28
1247,Science contain sure.,596,2,48.68,2018-06-26
1248,Hair ready outside guess.,604,3,39.8,2015-10-07
1249,Wide measure available.,404,1,33.67,2023-07-03
1250,Agree high change phone military.,1310,1,42.14,2018-03-28
1251,Exist eye within thank.,268,3,27.09,2017-10-15
1252,Citizen through agreement ability no.,462,3,28.58,2017-07-01
1253,Institution and officer.,723,2,29.05,2016-03-12
1254,Station six.,1435,1,42.38,2015-05-29
1255,Rich seat list.,1093,3,33.58,2024-06-11
1256,Himself responsibility establish town.,747,2,46.26,2019-07-11
1257,Term often.,552,3,33.85,2015-02-11
1258,Change necessary decide type.,14,1,11.75,2022-06-16
1259,Indicate eye reflect amount.,1481,3,35.43,2021-05-12
1260,Include common.,387,1,37.92,2023-06-07
1261,Language toward.,583,3,24.49,2024-01-08
1262,Exactly officer minute role.,79,2,18.21,2020-09-30
1263,Child report talk prevent.,337,1,33.73,2022-01-13
1264,Be adult.,578,1,17.51,2022-08-23
1265,Event fine detail because.,964,1,43.08,2017-07-08
1266,Everyone rich issue thus discussion.,1147,2,42.74,2020-08-09
1267,Campaign couple.,1370,3,13.84,2019-10-20
1268,Term interest let.,1066,1,10.84,2024-05-31
1269,Inside race.,1167,3,40.32,2016-12-01
1270,Account do.,871,3,20.25,2016-08-22
1271,Shoulder best yourself.,939,1,10.9,2021-05-29
1272,Poor enter anything economic.,9,2,18.68,2021-04-26
1273,Fight sell like safe.,646,3,26.53,2018-10-09
1274,When enjoy coach democratic church.,427,1,41.01,2021-02-03
1275,Parent result wear.,379,2,24.8,2014-12-19
1276,If drop you.,1460,3,10.35,2015-09-02
1277,Look we.,758,1,32.01,2015-01-21
1278,Book senior seek place.,1094,1,43.6,2014-12-11
1279,Old adult grow degree.,1067,3,16.61,2017-01-29
1280,Conference get must pattern heavy.,1062,3,32.0,2015-09-24
1281,Education political attention.,1230,1,31.64,2017-01-05
1282,Return stuff spend lay chance.,1242,3,33.51,2020-12-20
1283,Instead dark probably wear play.,1058,1,31.76,2023-06-12
1284,Style most sport.,731,3,44.66,2019-05-15
1285,Similar if total hair agent.,929,1,24.57,2022-06-24
1286,Without learn truth everything arrive.,233,1,47.72,2019-12-01
1287,He threat military push.,1169,3,21.75,2019-05-19
1288,Including say sign either ahead.,685,1,20.73,2020-11-03
1289,State role avoid practice example.,1043,3,11.92,2019-12-21
1290,Huge serve.,832,3,15.15,2014-10-07
1291,Strategy region build easy discover.,156,1,16.93,2018-10-27
1292,Economic pressure some argue.,250,3,28.77,2023-10-14
1293,Side product let.,867,1,19.61,2016-11-09
1294,Street detail.,218,2,18.28,2017-11-17
1295,Education five other major skin.,594,3,43.83,2015-04-03
1296,Require energy buy allow.,1207,2,26.26,2017-07-16
1297,Oil food choose.,529,3,39.42,2017-06-28
1298,Everybody may share.,342,1,35.1,2023-03-13
1299,System study reduce.,975,2,26.11,2014-10-03
1300,Father structure herself.,432,1,44.57,2016-09-26
1301,Until small play.,1043,3,22.32,2024-03-22
1302,Particular race nor production boy.,179,1,13.13,2016-01-29
1303,Call painting chance most.,584,1,40.46,2023-10-21
1304,Sister class clear perform scene.,50,2,43.08,2022-10-25
1305,Mission thus eight.,424,1,39.97,2016-01-28
1306,Often upon east.,129,1,31.75,2016-05-05
1307,Carry try.,1380,2,40.18,2022-03-26
1308,Worry exactly drive heart.,1413,2,47.45,2024-05-21
1309,Try nice.,326,1,23.85,2020-03-12
1310,Accept box.,1003,3,37.01,2014-10-19
1311,Pattern peace dog.,399,1,22.74,2024-04-19
1312,Theory morning company role.,1009,3,29.89,2015-09-24
1313,Show couple accept fear.,627,3,18.0,2021-11-23
1314,Win tell seek performance.,288,1,44.57,2016-08-24
1315,Benefit many put.,1203,1,44.54,2014-12-04
1316,Decision though whole once.,833,3,21.66,2023-03-15
1317,Contain not soldier television.,439,2,27.1,2023-04-11
1318,Position place enough fire group.,179,2,30.66,2019-07-29
1319,Raise camera yet.,1094,1,29.04,2022-01-19
1320,Although according when common.,255,2,15.05,2022-04-11
1321,That environmental.,791,1,22.25,2021-08-27
1322,Reality short small.,871,3,13.09,2014-12-03
1323,Remain trial stay.,1286,3,43.22,2023-09-27
1324,Effort maybe support defense blood.,884,2,48.66,2017-06-28
1325,Talk participant catch.,849,2,29.19,2023-05-29
1326,Animal former country other.,1384,2,24.42,2017-10-14
1327,Vote investment almost democratic.,891,1,32.96,2019-09-03
1328,Option rate laugh message population.,746,3,42.4,2014-11-24
1329,Report begin consumer as.,336,2,45.88,2020-04-01
1330,Hard environmental mission very.,395,2,27.91,2021-07-18
1331,Rest can which.,43,3,27.06,2020-10-11
1332,Collection parent race million space.,1131,2,27.69,2023-12-07
1333,Part close.,1487,1,49.06,2020-05-09
1334,Leg about happy measure.,980,1,19.17,2023-04-05
1335,Agree until.,86,1,19.18,2023-07-26
1336,Else medical particularly.,891,2,24.24,2021-02-25
1337,Today increase bad sit skin.,1068,2,28.42,2018-05-30
1338,Where yourself.,530,1,37.2,2016-06-25
1339,Fast theory coach.,899,2,19.63,2024-06-18
1340,Speak lay sort.,475,2,46.19,2022-05-04
1341,Sure we trouble because.,743,1,25.32,2020-03-26
1342,Station majority.,671,1,49.79,2017-07-03
1343,Ask red form chair.,612,3,31.67,2023-04-29
1344,Policy popular nation movement two.,1185,3,34.32,2017-01-27
1345,Ten career make cover.,283,2,23.36,2015-09-23
1346,War nothing change.,389,1,39.04,2024-02-16
1347,Him account partner very.,713,1,13.33,2014-08-23
1348,Your well take one up.,942,1,30.56,2020-09-21
1349,Act clear.,619,3,19.18,2019-09-04
1350,Consumer provide surface what.,783,3,31.22,2019-02-14
1351,Order process involve.,1111,3,47.13,2018-12-23
1352,Take economic difference.,137,1,35.11,2020-01-02
1353,Chance police must behind law.,1053,2,22.09,2020-11-16
1354,Movement we seem enjoy.,847,2,24.69,2022-10-29
1355,Share key strong.,1206,3,21.18,2017-02-15
1356,Staff itself still.,905,2,10.57,2018-10-19
1357,Also level.,1346,1,39.05,2022-06-21
1358,Fish reveal PM.,1301,3,37.97,2018-10-04
1359,One sell great.,1017,1,46.21,2017-07-25
1360,Collection body could analysis.,1215,1,37.45,2023-06-22
1361,Window site start across.,1386,1,24.92,2024-02-24
1362,Energy finally ball.,965,3,24.98,2020-12-08
1363,Industry about early certainly.,709,2,38.51,2017-02-28
1364,Service investment.,1497,3,45.03,2023-08-24
1365,Free involve president.,654,1,33.47,2014-12-25
1366,Task back.,467,1,33.97,2016-08-30
1367,Painting situation land.,275,1,14.41,2014-10-23
1368,Travel thousand system thought.,9,2,31.22,2020-01-02
1369,Condition free.,814,3,44.7,2017-11-19
1370,Message camera dream.,311,3,39.1,2016-02-10
1371,Moment talk.,833,3,25.3,2019-11-05
1372,Artist bit tend.,574,1,39.96,2021-10-20
1373,Goal example if make.,348,1,20.4,2020-11-17
1374,Away right sell.,969,3,24.03,2019-05-20
1375,Scene pattern rest four.,424,2,13.52,2020-07-27
1376,Positive strategy seven.,262,3,16.32,2015-08-29
1377,Great Democrat become surface.,121,3,13.59,2019-10-04
1378,Phone off activity pass.,1060,3,49.12,2019-03-13
1379,Read development just share.,354,1,28.38,2019-03-07
1380,Others stay employee help.,63,1,12.35,2021-09-15
1381,Partner table half.,1058,3,23.18,2020-08-10
1382,Woman billion eight whatever.,1290,3,28.75,2022-12-10
1383,Interview security feeling.,268,3,39.38,2018-06-12
1384,Gun choose subject music.,216,1,35.63,2021-07-09
1385,Challenge scientist debate describe nice.,857,2,41.57,2023-12-05
1386,About better.,762,1,38.63,2021-04-20
1387,Maintain specific a some.,964,2,23.8,2020-11-09
1388,Property fine entire.,906,2,47.04,2024-01-14
1389,Wide growth.,377,3,36.63,2014-10-01
1390,Security care.,575,3,10.83,2022-02-28
1391,Exist environment.,767,1,13.57,2021-12-25
1392,Open example.,386,3,22.22,2015-12-10
1393,Safe charge main choice.,947,3,36.01,2021-04-27
1394,Apply law option current lead.,1337,3,12.53,2023-09-27
1395,Talk involve dream black prepare.,771,3,28.45,2017-07-22
1396,Form prove.,1359,2,18.73,2022-03-13
1397,Wall kind simply service hold.,1358,1,24.74,2022-11-26
1398,Pretty industry not front.,896,3,22.41,2016-09-10
1399,Note hospital visit herself home.,535,3,14.99,2020-07-20
1400,Want offer compare attorney.,975,3,41.78,2019-02-19
1401,Coach four all customer.,116,2,44.85,2021-08-23
1402,Several real upon garden structure.,443,1,46.55,2020-04-24
1403,War bar ready store.,1217,3,20.25,2021-03-07
1404,Effort institution police.,955,1,36.5,2020-11-25
1405,Determine anything term former.,117,2,46.21,2022-04-01
1406,Significant campaign play.,635,1,10.92,2016-08-11
1407,And law.,1180,3,17.57,2015-11-12
1408,Phone from eat.,984,2,45.05,2015-10-23
1409,Who those.,1466,2,14.72,2018-02-14
1410,Option energy miss enough.,752,1,39.8,2024-01-11
1411,Level mention but trouble.,1044,3,48.55,2018-06-01
1412,Local kind control entire.,987,3,40.78,2023-10-17
1413,Soldier television later Mr fast.,138,2,25.42,2017-04-22
1414,Employee along response reveal.,660,1,49.06,2018-12-18
1415,Since job.,742,1,49.86,2023-04-13
1416,Today when theory political.,1080,1,15.4,2014-09-29
1417,Month modern where.,750,2,14.57,2018-06-25
1418,Door affect key.,1365,3,47.64,2020-01-13
1419,Concern something foreign dark.,620,1,11.33,2022-07-12
1420,Necessary reveal computer.,128,2,18.7,2015-06-07
1421,Respond himself threat family draw.,394,2,12.05,2020-07-03
1422,During tree cold necessary.,282,3,16.92,2018-04-01
1423,Hope heart heavy.,372,1,36.74,2016-09-14
1424,Fine story.,361,2,43.73,2020-06-04
1425,Late forward price.,1478,3,13.74,2017-02-28
1426,Story old on never.,1095,3,18.35,2022-02-26
1427,Picture discuss time region down.,300,1,15.55,2015-08-17
1428,Upon third and.,558,1,28.97,2014-12-24
1429,Question war capital everything school.,783,1,27.87,2016-02-16
1430,Ready contain start law debate.,975,2,48.73,2021-12-05
1431,Manage wrong school level.,334,2,27.41,2019-06-06
1432,Bill have ground.,1370,3,34.53,2022-10-01
1433,Cover tough may.,1296,3,19.57,2016-04-14
1434,Carry tough.,375,3,24.66,2021-01-03
1435,Care edge yourself.,44,1,29.85,2023-03-02
1436,Customer his yet.,1037,1,41.45,2016-05-28
1437,Attorney civil itself.,1454,1,20.72,2018-06-23
1438,Pass kind.,656,3,17.85,2024-03-29
1439,Change air.,244,1,48.04,2023-10-16
1440,Seem seek wrong through great.,460,3,27.07,2018-03-16
1441,Can who play develop.,1210,3,42.65,2018-02-21
1442,Big rich.,150,3,28.86,2018-08-31
1443,Public rather yet toward reach.,1356,2,37.52,2024-04-24
1444,Class education dinner door.,681,2,46.43,2020-07-16
1445,Though budget answer dog.,1125,3,12.84,2023-08-28
1446,Poor evening during.,1370,1,47.17,2024-03-17
1447,Ground often sit positive.,106,2,13.63,2018-11-24
1448,Recognize run dog.,705,3,37.71,2019-05-09
1449,Since simple particularly then level.,569,3,32.62,2017-03-31
1450,Main stuff.,1406,3,31.6,2020-01-23
1451,Begin know talk firm form.,236,2,46.16,2020-01-21
1452,Machine once continue thank.,780,2,46.11,2021-07-25
1453,Wonder animal picture.,428,2,48.87,2015-12-02
1454,Seven keep.,521,1,24.76,2017-08-14
1455,Speak company now.,159,1,41.36,2023-02-19
1456,Administration once trip news.,820,1,38.7,2023-11-17
1457,Unit represent music available process.,1182,3,12.44,2016-09-09
1458,Red painting team Mr.,1464,2,12.47,2023-07-01
1459,Budget data beautiful industry.,1433,2,21.44,2022-09-15
1460,Woman fine street.,327,2,44.28,2020-08-10
1461,Responsibility research cold along.,307,3,49.31,2023-09-25
1462,Minute happen could.,597,3,49.85,2022-11-13
1463,During accept account.,781,3,46.6,2019-02-15
1464,Why option gun change.,813,2,25.81,2020-09-06
1465,Clear above sell.,306,1,49.67,2020-06-12
1466,Care right.,1441,3,36.58,2022-12-12
1467,Since myself everything.,308,1,18.41,2017-10-17
1468,Own during word.,1082,1,39.61,2019-10-26
1469,Every catch discover official.,406,1,28.12,2017-04-02
1470,Although field really trip rate.,1159,2,39.07,2020-04-10
1471,Simple station wide if spring.,1278,2,27.56,2015-05-02
1472,According threat thousand any agree.,1258,3,13.16,2018-10-26
1473,Tend want yourself.,1159,3,11.13,2021-12-24
1474,From American store.,821,2,25.33,2019-12-18
1475,Cost assume produce.,746,3,12.16,2015-12-27
1476,Police once spend.,966,1,40.3,2022-02-03
1477,Level half important bar.,1130,1,15.47,2019-03-30
1478,Same week.,243,2,34.28,2014-11-23
1479,How radio safe someone.,582,1,15.47,2016-03-20
1480,Long teach common.,1323,1,42.71,2019-07-25
1481,Specific month area.,1168,1,28.48,2014-09-22
1482,Sit meeting.,551,2,17.81,2016-03-02
1483,Public management.,549,3,27.74,2015-09-29
1484,Everyone rise.,1016,3,45.17,2024-04-19
1485,Usually consumer difficult.,207,3,35.3,2021-04-12
1486,Already dream stay person model.,128,2,47.61,2021-12-17
1487,Pattern hand heart indicate dog.,978,3,39.46,2020-10-09
1488,Positive agency value house safe.,898,1,22.06,2022-08-21
1489,Step hope responsibility read pretty.,733,3,36.33,2014-12-04
1490,Song fight.,228,1,36.29,2017-08-31
1491,Since more.,950,3,36.75,2014-08-31
1492,Official view say respond.,1256,1,18.66,2017-06-29
1493,Trip view voice.,902,2,11.78,2023-01-13
1494,Debate interesting town audience example.,697,1,29.85,2022-07-11
1495,Same actually career its imagine.,1238,3,28.93,2019-08-22
1496,Say return why dream.,368,1,13.48,2024-06-01
1497,Game week.,1470,3,45.91,2024-01-23
1498,Then learn.,838,3,45.89,2018-02-07
1499,Ever thousand you piece positive.,909,3,11.24,2023-04-28
1500,Draw send nor by.,421,1,18.26,2023-03-24
