customer_id,customer_name,email,phone
1,Keith Martin,mfoster@example.org,+1-465-542-7290x1972
2,Sarah Melendez,teresavasquez@example.net,427.412.0876x374
3,Lindsey Rios,phillipsvictoria@example.com,(305)640-3776
4,George Stanley,amy89@example.net,597-572-9233
5,Sandra Hardy,bdavis@example.net,+1-244-232-6255x0277
6,Wayne Yoder,awilliams@example.com,001-303-313-3973x0777
7,Pamela Maldonado,brianapeterson@example.com,449.279.6857
8,Pamela Mueller,holtcharles@example.net,001-551-567-8712x70402
9,Ryan Wilson,xbird@example.org,001-940-618-7218
10,Antonio Higgins,andrewdavis@example.com,785.433.0679x06715
11,Victoria Thompson,kking@example.net,942-630-4980x572
12,David Torres,hickmanjessica@example.org,(479)480-1936
13,Brandy Pitts,carolyn80@example.com,604.754.6780
14,Elizabeth Dodson,johnsontracy@example.net,669.679.5276
15,George Rush,wilkinsnicole@example.com,778.454.1327
16,Tammy Wright PhD,parksjenny@example.org,001-841-518-8373x898
17,Laura Lamb,ashley51@example.net,001-457-838-9043
18,Cynthia Becker,qwatkins@example.org,677-629-7029x491
19,John Lamb,thomasjames@example.net,001-847-732-3652x2144
20,Dawn Levine,morrisandre@example.org,+1-280-515-6889x5165
21,Elijah Chandler,hannah64@example.com,700.230.1829x5635
22,Taylor Berg,andrepacheco@example.net,256.339.4056
23,John Dickerson,bwhite@example.com,001-939-654-7137x24351
24,Kevin Stone,david60@example.org,201-571-4219x47458
25,Eric Tanner,pmartin@example.org,(208)286-9989x50458
26,Nicole Wilkinson,leonardgregory@example.com,354-585-1134x5335
27,Christopher Trevino,ericcollins@example.org,(657)928-4401
28,Casey Fritz,wardmichael@example.org,269.322.4049
29,Ronald Bauer,sandra71@example.net,374-836-5000x272
30,Megan Thompson,annapacheco@example.net,+1-644-372-7809x2284
31,Timothy Powell,amanda21@example.org,+1-477-861-4013x71234
32,Lori Martinez,kimberly20@example.com,+1-396-776-6853x4529
33,Angela Smith,steven57@example.com,460.885.3687x824
34,Lori Richards,reginaldlee@example.com,903.351.7581x95115
35,Micheal Taylor,allisongreen@example.org,509.911.4007x491
36,Randy Phillips Jr.,deborahgolden@example.com,(788)468-8515
37,Amanda Scott,georgeelizabeth@example.com,640.263.6705x41056
38,Tammy Trujillo,destiny21@example.org,454-951-2278x95868
39,Matthew Johnson,salasryan@example.org,(276)445-2715x8719
40,Jordan Weeks,foxbrenda@example.com,(676)856-2224x3687
41,Ashley Morris,cindyconway@example.com,4033928646
42,Whitney Williams,zavalakathryn@example.com,+1-962-846-5634
43,Rebecca Schultz,gwheeler@example.org,+1-714-904-1177x62453
44,Miranda Ryan,drew53@example.com,711.506.7798x48517
45,Lisa Harris,aliciamiller@example.org,892-692-7106
46,Catherine Carter,tphillips@example.org,257.414.8904
47,David Moore,trodgers@example.net,613-637-7398x687
48,Troy Simpson,connie44@example.com,389-349-1620
49,Selena Ray,tamara17@example.org,+1-730-351-9513x40999
50,Tammy Gates,duncanjonathan@example.com,+1-622-254-3829
51,Rachel Ortiz,bishopchristina@example.com,376-975-2065x05529
52,Elizabeth Smith,anthony90@example.org,(400)568-0303
53,Rhonda Jennings,lindsay26@example.com,001-987-832-3357x30946
54,Peter Gilbert,lopezcarolyn@example.com,+1-341-571-8764
55,Shaun Carr,ppierce@example.com,001-959-321-0294x57182
56,Andrew Harrison,harrisonelizabeth@example.com,6732330904
57,Jared Medina,daniel23@example.org,(822)418-8446x30239
58,Cody Hickman,christinemoody@example.net,778.813.9546
59,Courtney Trujillo,rachel94@example.org,+1-844-218-9645x688
60,Chelsea Parrish,andersonwendy@example.net,327.891.6424
61,Morgan Frazier,fernandezryan@example.org,(454)895-3882
62,William French,amcmillan@example.com,958.662.0044x19803
63,Tammy Gonzalez,hawkinsnancy@example.net,494-518-5053x2031
64,Sara Vasquez,estradastephen@example.net,804.238.3606x02760
65,Timothy Baker,alexjohnson@example.com,001-555-517-4772x503
66,Jimmy Nash,christinaedwards@example.org,899.524.0269
67,Darrell King,morriscassandra@example.net,001-863-274-2484
68,Michael Parrish,williamsonjennifer@example.com,+1-838-601-4342x15272
69,Jennifer Schmidt,kmyers@example.org,883.962.7473
70,Alyssa Gilbert,thomasjaclyn@example.org,211-501-3236x4200
71,Heidi Fowler,robert74@example.com,984.592.8539x67208
72,Tara Deleon,keithroberts@example.net,+1-548-919-2209x968
73,Natasha Lawson,dmorales@example.com,(574)798-6873x20102
74,Shane Smith,cheryl63@example.com,363.610.3626x0925
75,Zachary Dixon,xbates@example.com,334-680-7920x5921
76,Kaitlyn Cox,spencejimmy@example.org,447-514-6370x8693
77,Melissa Hayden,andersenwilliam@example.org,8329307595
78,Carlos Cook,wolfjames@example.org,+1-963-401-4086x5426
79,Kathleen Lopez,adriancasey@example.net,774.855.6440
80,Maria Rogers,brandonhodges@example.net,4718674886
81,Marcus Munoz,nancy28@example.net,935-521-7399
82,Jordan Williams,duncanjason@example.net,(330)209-6272
83,Aaron Carr,thomasdouglas@example.org,3977811975
84,Angela Knapp,ekelly@example.com,001-734-345-6186x0409
85,Sarah Hale,xharvey@example.com,(565)378-7201x5493
86,Diane Gallegos,leelisa@example.com,890-708-1318x8510
87,Bryan Hale DDS,dana49@example.com,(911)270-6645
88,John Lara,judygarcia@example.net,(801)733-8049
89,Emily Ayala,bateslaura@example.com,001-621-668-5316x580
90,Austin Hernandez,fmarsh@example.net,821-211-9852x7285
91,Linda York,wcunningham@example.net,001-981-997-8944
92,Mary Mann,daughertyjohn@example.org,956.860.8875x6361
93,Sean Meza,nwilliams@example.net,342-405-8736x1991
94,Tammy Reid,flemingkayla@example.com,6875003412
95,Vincent Stout,jameshouse@example.com,322.630.6173x4271
96,Tanner Byrd,danielmark@example.com,268-697-4596
97,Blake Kelley,zbass@example.com,(854)630-5212x062
98,Samantha Morse,troy82@example.net,001-267-467-9346
99,Kimberly Allen,karenmckee@example.org,(591)775-4668x10900
100,Elizabeth Perez,smunoz@example.org,(477)213-0502x351
101,Meghan Johnson,youngjohn@example.com,606.902.4370x084
102,Amanda Wilson,danielle20@example.com,817.823.2620x023
103,Alejandra Williams,jamiemccann@example.org,626.302.4308x4097
104,Tyler Lee,tlawson@example.net,001-576-264-5113x297
105,William Chung,richard60@example.com,248-956-9216x8010
106,Jason Bowen,thompsonroy@example.com,695.502.1938
107,Priscilla Benton,harryroach@example.com,(745)577-8196x74621
108,Javier Hickman,dkent@example.org,(626)941-0194x4789
109,Susan Jensen,austinbailey@example.org,(710)918-9566
110,Maria Stewart,perrynatalie@example.org,+1-287-819-8400
111,April Green,stacy86@example.org,929.979.9067x6303
112,Sarah Harris,darrylromero@example.org,001-225-542-5227x426
113,Andrew Mcdonald,carla19@example.com,001-306-397-2221x086
114,Patricia Adams,josemiller@example.org,875.426.5940
115,Lance Caldwell DVM,poncedean@example.net,883-481-5568x082
116,Daniel Gomez,scott23@example.net,779-557-3573
117,Christopher Mann,diazeric@example.org,+1-438-528-1240x40905
118,Jennifer Warren,timothy77@example.net,383-220-6421
119,Lee Coleman,ddennis@example.com,001-368-785-3675
120,Stephen Werner,brockalex@example.org,+1-952-723-5293x6047
121,Debbie Clark,patrick66@example.org,(413)769-1708x013
122,Andrew Simon,martinezronald@example.org,295.928.8172x36195
123,Heather Blanchard,kellywoods@example.com,+1-552-709-7507
124,Alex Craig,jmassey@example.org,001-387-539-9268x196
125,Larry Morales,millerbonnie@example.com,+1-975-361-1998x07891
126,Jasmine Tapia,douglas13@example.org,(909)601-0558
127,Heather Mullins,michael77@example.org,945.644.4511x03326
128,Charlotte Salazar,john50@example.com,(341)470-4576x076
129,Hannah Moyer,christiancarter@example.org,298.632.7785x0894
130,Kimberly Donaldson,qsutton@example.org,5529555632
131,Alicia Salas,willie81@example.org,382-733-2708
132,Stephanie Graves,daniel47@example.com,284.407.6854
133,Daniel Blackburn,ohill@example.com,001-892-847-5467
134,April Gonzales,fmorgan@example.net,+1-824-388-5444x4872
135,Deborah Rodriguez,njones@example.org,001-298-725-9491x71996
136,Rebekah Phelps,william74@example.org,266.523.3178x995
137,Michael Wilson,awilcox@example.net,(564)618-8761
138,Haley Harper,ferrelljorge@example.com,+1-238-748-5644x8262
139,Cynthia Perez,ndavis@example.org,001-808-269-8960x70119
140,Renee Thompson,sharonsimpson@example.com,805-543-5410
141,Julie Stephens,jenniferwalker@example.net,(276)961-7413x44147
142,Valerie Boyle,eric22@example.com,236.500.9071x2477
143,Maria Whitney,ijames@example.org,(463)675-8986x41336
144,Margaret Ellis,pamelalindsey@example.org,+1-346-365-3027
145,Regina Gutierrez,youngdavid@example.net,001-540-446-7298x17218
146,John Moody,kennethparker@example.org,7795507923
147,Darlene Warren,amyspencer@example.com,(494)508-4286
148,Larry Johnson,gbrown@example.com,(862)807-7433
149,Anna Carroll,curtisscott@example.com,(388)582-4219x055
150,Jeffrey Lloyd,bbean@example.net,(794)954-7843
151,Robert Brewer,blopez@example.org,686.429.3655x420
152,Leah Fuentes,brian92@example.net,470.229.7548x5864
153,Grace Love MD,gbyrd@example.com,378-210-2646x13110
154,Joshua Austin,cvillanueva@example.org,(793)543-8068
155,Renee Irwin,carterjames@example.org,6422403709
156,Austin Shields,watersronald@example.org,9056144431
157,Ryan Caldwell,josephknapp@example.com,(390)916-9370
158,Katrina Thomas,rhodescindy@example.net,295.357.7245
159,Carolyn Kemp,robertsjulie@example.net,664.218.4799x226
160,Roberto Pineda,rodriguezdavid@example.net,(415)694-3466
161,Alec Vaughan,crystalcarlson@example.com,001-333-701-7927
162,Victor Lambert DVM,abrown@example.com,(579)874-2651
163,Erica Webb,hilldiane@example.net,884.285.4674
164,Kara Allison,vbautista@example.net,001-324-306-0380
165,Brian Baker,emunoz@example.com,423-384-0912
166,Jacob Harris,bondvictoria@example.org,001-655-633-9506x3424
167,William Howe,tware@example.net,660-437-2004x820
168,Michelle Harris,sheilarobinson@example.com,(211)998-1958x9360
169,Alexander Grant,kimberlybarber@example.org,(882)462-5878
170,Madison Hood,michael10@example.net,(585)285-4304x17404
171,Barbara Smith,bridget37@example.net,5808224484
172,Samuel Johnson,uperry@example.com,352.265.3032x0955
173,Autumn Howell,jerry55@example.org,881.976.5792x03634
174,Derek Mckenzie,fbates@example.org,001-413-616-7485x98374
175,Nicole Wyatt,hurleycarolyn@example.net,893.237.1356x07948
176,Janet Garcia,blackbruce@example.org,(321)821-9269
177,Jessica Bridges,elopez@example.com,432-918-1543x22977
178,Kevin Burch,robert35@example.com,001-449-577-4990x076
179,Jonathan Le,pjenkins@example.net,+1-548-904-6057
180,Robert Morrison,zwilliams@example.net,229-221-2307
181,Tammy Perez,msimmons@example.org,5236313808
182,Todd Johnson,jonathansnyder@example.org,443-573-9398
183,Laura Frye,johnbryan@example.net,+1-808-966-7705x54782
184,Christopher Thomas,williamsims@example.org,001-744-637-4629x1627
185,Luis Reynolds,kaylawallace@example.com,423-854-5943x3510
186,Mary Mcfarland,david80@example.org,904-342-0428x643
187,Jeffrey Walsh,suarezdaniel@example.org,5359235702
188,Morgan Landry,bcisneros@example.org,461.863.9662
189,Brandon Robinson,hillkaren@example.com,001-769-879-0697x21432
190,John Collins,cathyho@example.com,971.586.7639
191,Tiffany Brown,matthew57@example.net,001-887-260-5788
192,David Morgan,simpsonlindsay@example.net,312-513-4349x23033
193,Kathleen Smith,gonzalessarah@example.com,7482708003
194,Christopher Glenn,pattersonjason@example.org,844.855.7040x438
195,Amy Bailey,amber50@example.net,001-627-603-2125
196,Melissa Hernandez,crawfordlauren@example.net,920-264-5053x097
197,Jaime Summers,kzimmerman@example.net,(277)226-9738x5050
198,William Walton,rparker@example.net,+1-544-363-2607
199,Craig Moore,laura36@example.org,+1-456-849-6375x19163
200,Cynthia Perez,jasmine42@example.com,(772)302-2501
201,Daniel Alvarez,scott75@example.com,976-239-3323
202,Traci Mann,danielgregory@example.org,654-453-8323x07328
203,Anthony Sanchez,jonathan20@example.org,828.832.7216
204,Elizabeth Ortiz,rbaker@example.net,001-231-225-0588x9817
205,Gregory Lee,davidgarcia@example.net,(366)534-4950
206,Katie Brown,michaelholt@example.org,471-278-6137
207,Diane Ross,matthewedwards@example.com,715.518.3192x8895
208,Brianna Williams,wodonnell@example.net,+1-723-347-9773x12539
209,Amanda Banks,laura40@example.net,(403)627-4722x568
210,Jay Powell,moorejames@example.org,001-382-836-8020x02445
211,Jason Evans,katieterry@example.net,554-274-3064x880
212,Katie Brown MD,ahahn@example.com,908.494.6146x12079
213,Joshua Hall,dmccormick@example.net,+1-858-716-3440
214,Luke Ochoa,abender@example.org,414-814-3247x9656
215,Hannah Lewis,christiancarrie@example.net,+1-669-910-9604x5478
216,Alisha Wagner,lcoleman@example.net,001-315-848-6925x73019
217,Tammy Silva,rivaskathleen@example.net,9995628181
218,Nicholas Duke,johnsonjames@example.net,(540)438-3844x583
219,Michele Andersen,matthewkemp@example.com,(934)764-7687x57433
220,Stephanie Doyle,cochranandrew@example.com,2688854536
221,Robert Garcia,ablake@example.org,(623)393-8392x212
222,Lisa Brown,simpsonjacqueline@example.org,2956168518
223,Robin Owens PhD,aaronruiz@example.net,935-780-6558x062
224,Jesse White,jbrown@example.org,5263206918
225,Kimberly Marshall,adam46@example.net,(794)447-1647x1015
226,Rodney Franco MD,lawrence75@example.net,201-462-7927
227,Katie Cabrera,ballardkimberly@example.org,882-845-2190
228,Jennifer Mills,staffordstephen@example.com,(586)957-0586
229,Melody Montgomery,morganbarry@example.com,001-913-869-6752x88035
230,Julia Cross,bryan80@example.net,+1-544-732-5803x2900
231,Darryl Martin,anthony97@example.org,001-346-751-7696x131
232,Ryan Butler,christopher56@example.net,2578310510
233,Sarah Diaz,sarah08@example.com,(533)696-1549x5176
234,Toni Pittman,brownbarbara@example.com,001-806-398-9820x43726
235,Andrew Smith,yolandamiller@example.net,+1-348-485-8243x4657
236,Suzanne Davis,beverly82@example.org,001-914-206-8427x0515
237,Tara Martinez,klam@example.net,201.531.6537
238,Joseph Jimenez,sarahpeterson@example.com,6346487916
239,Julie Mccall,beth47@example.com,(403)353-2242
240,Latoya Horn,dhamilton@example.net,(954)679-8191
241,Jennifer Smith,davisjonathan@example.org,992.388.0958x0212
242,Wendy Vargas,vespinoza@example.org,+1-614-813-6073x4959
243,Monique Underwood,toni36@example.net,307-968-0174x0240
244,Meredith Wheeler,kristen37@example.net,001-682-372-7144x4194
245,David Hamilton,fordchristopher@example.com,001-862-889-0071
246,Victoria Stewart,brooksalexis@example.org,7094837809
247,Lisa Acevedo,antonioryan@example.net,285.262.4814
248,Destiny Nguyen,gabrielrussell@example.com,487-946-0564x00255
249,Christopher Snyder,ronnie03@example.net,2516273345
250,William Washington,cholland@example.net,+1-870-774-2452x6490
251,Alejandro Macias,reynoldsdennis@example.net,4686142416
252,Stephanie Boyd,jimmy92@example.org,+1-288-759-0598x569
253,Andrea Hudson,ryandavis@example.net,+1-789-442-4781x418
254,David Vargas,rhodges@example.com,001-568-694-1181
255,Aaron Schultz,merrittsamuel@example.net,346.515.1912x547
256,Fernando Haley,margaret11@example.org,001-595-254-3135x7892
257,Jennifer Morales,charlesmiller@example.net,769.412.8727
258,Anita Lang,andrew78@example.net,412-813-9926x37729
259,John Brown,carolyncharles@example.com,948.995.4111x7799
260,Robert Becker,lopezkaren@example.net,292-795-6879x7047
261,Carol Campbell,ashleyfernandez@example.com,989.307.2602x49366
262,Lisa Patrick,srogers@example.com,669.810.2535
263,Tyler Mercado,pamelaturner@example.org,4299282393
264,Bobby Moreno,rho@example.net,(894)740-4660x96266
265,Earl Martin,juliecoleman@example.com,9665395324
266,Mercedes Campbell,andrewward@example.net,762-298-8715x248
267,Jennifer Davis,rosschristopher@example.com,(931)912-1867x911
268,Angela Durham,zimmermanrenee@example.com,718-277-0465x100
269,Deborah Greene,robertjohnson@example.com,905.684.0113x737
270,Valerie Nichols,kreilly@example.com,519-370-4974x708
271,Jesse Wood,stevenfischer@example.com,(610)288-1975x08313
272,Clifford James,dperez@example.org,+1-776-502-7796x381
273,Samuel Griffin,olivia50@example.net,+1-445-807-1511x6908
274,Anthony Barnes,lwilliams@example.org,269-732-8052x9256
275,Joe Romero,tina27@example.net,491-429-2718x3752
276,Thomas Johnson,yatesmargaret@example.net,+1-904-400-0815x1433
277,Richard Petersen,thomasbond@example.org,356.334.7469x749
278,Shannon Harris,mathew94@example.net,+1-905-532-1951x0998
279,Pamela Ortiz,lukemckenzie@example.com,5212117075
280,April Douglas,richardsonpatricia@example.org,564.638.1159x8678
281,Denise Brown,manuelwright@example.com,(922)776-0648
282,Melissa Wilson,kimberly28@example.net,3286076224
283,Angela Smith,george42@example.org,001-399-792-1398x451
284,Todd Potts,qmurray@example.com,(840)997-0875x0966
285,Robert Reid,ashleystephenson@example.org,9609123308
286,Taylor Parker,fordroger@example.org,(226)589-0766
287,Tara Beltran,fjones@example.com,507.587.3188x51193
288,William Wilson,ghenry@example.org,001-783-800-8657x32763
289,Ethan Gilbert,brittany78@example.org,932-979-5167x15656
290,Chad Manning,wschwartz@example.net,001-299-570-2138
291,Tracey Snyder,anthony43@example.org,+1-854-484-4659
292,Danielle Watson,cherylacosta@example.com,917-393-8315
293,Kenneth Bowen,miranda92@example.com,(772)282-9674
294,Christopher Martin,blackburnkatelyn@example.org,314.661.9991x16763
295,Edward Williams,lwalsh@example.org,914.838.5542x956
296,Kathryn Mccormick,michaelhowell@example.com,351.593.2494x383
297,Nicole Leblanc,vreed@example.net,(606)403-7364x560
298,Dominique Miller,ramirezcalvin@example.com,3209609579
299,Paul Garcia,latashacollins@example.net,+1-960-483-2657x3263
300,Corey Lee,mleblanc@example.org,935.773.8343
301,Jack Burns,alexis17@example.org,746-534-1443x3732
302,Deanna Travis,rick39@example.org,280-312-5373
303,Rachel Beck,phamrobert@example.com,001-797-372-2375x45667
304,John Taylor,tommypaul@example.net,5868638735
305,Dwayne Maynard DVM,gravesdanielle@example.com,710-334-8869x34140
306,Nicholas Davies,travis53@example.com,2923942870
307,Roger Adams,yjohnson@example.net,001-671-730-6195
308,Benjamin Alexander,harrismelanie@example.org,653.843.8437x63698
309,Mary Gonzalez,mtorres@example.com,001-325-601-8790x6147
310,Jasmine Rodriguez,jonathan36@example.com,001-561-428-1036x30513
311,Jacqueline Miller,hollowaychristopher@example.org,001-990-906-3402x1415
312,Kathleen Winters,julieadams@example.net,490-653-4798x198
313,Jason Chapman,doughertymaria@example.com,+1-474-850-8891x410
314,Victor Patel,jamesjensen@example.org,001-930-995-9230x54665
315,Sandra Medina,patricia46@example.net,+1-402-498-4799x6835
316,Evelyn Walsh,lewistina@example.org,200-431-0096
317,Jose Garner,markhamilton@example.org,+1-457-364-9525
318,Kathryn Henderson,curtisfisher@example.net,+1-334-998-4761
319,Rachel Stevenson,harrywiley@example.com,+1-372-380-2178x4034
320,Peter Johnson,billy03@example.net,+1-927-917-5481x51725
321,Samantha Weeks,bakersara@example.net,(806)877-0039
322,Nicole Howard,robertcross@example.net,(926)556-3088x05617
323,Kathryn Waters,richard12@example.net,799-948-4628x239
324,Lindsey Peck,patrickchristensen@example.com,001-266-512-2084x263
325,Charles Lewis,lmoore@example.net,252-973-8907x8062
326,Laura Beltran,angela93@example.com,588-479-9255x954
327,Brett Thomas,butlerpaul@example.com,+1-911-434-6928x86739
328,Taylor Long,evansjennifer@example.org,819.694.4110
329,Paul Hicks,rhodesjamie@example.org,260.555.7706
330,Steven Smith,jessicamanning@example.net,(202)831-5403
331,Kelsey Whitaker,carolyn33@example.net,001-983-765-6346x33323
332,Emily Hall,singhrobert@example.org,3095261696
333,Michael Osborne,jfoster@example.net,351-483-9561x8273
334,Kathleen Bishop,lori81@example.com,637-536-9149x702
335,Kelly Walters,dennis26@example.org,+1-398-649-7690x66948
336,Gina Morales,eugenemiller@example.net,(980)314-3560x241
337,Katherine Chang,clintonreed@example.net,(876)395-1670
338,Jennifer Green,millerdavid@example.org,539-472-7001
339,Crystal Leonard,garcialaura@example.org,964.801.9817x4783
340,Nicole Pollard,vmartin@example.com,256-436-1011x1343
341,Shirley Hogan,leslie29@example.net,2697312000
342,Christine Garcia,alexandriabrown@example.com,907.979.7727x819
343,Julie Price,veronicagutierrez@example.com,393.959.4049x83881
344,Jason Nunez,steven01@example.com,747.510.1307x03962
345,Michelle Russell,davidbraun@example.com,339-635-5014x630
346,Jerry Hoffman,ashley76@example.org,2089927498
347,Veronica Richmond,jonathan73@example.org,215-480-7530
348,Kristy Brooks,jorgehopkins@example.org,848.327.0278
349,Christopher Martin,richardgarcia@example.net,987.781.9086x9053
350,Richard Monroe,hernandezbryce@example.org,(534)746-6998x437
351,Jared Thompson,rpowell@example.org,853.779.8884
352,Sara Mcpherson,cranechristopher@example.org,(781)637-5151x3196
353,Johnathan Miller,chelsey31@example.com,429.687.1159x926
354,Nathan Pacheco,calvin97@example.com,960-872-6156x398
355,Elijah Sharp,scottkevin@example.org,001-864-215-3534x47185
356,Ryan Mckay,simpsonangela@example.org,(633)986-2842x46797
357,Mark Tucker,thompsonjohn@example.net,655.258.4150x98233
358,Karen Wong,dudleykathy@example.org,001-987-213-5375x39364
359,Brian Hughes,devin90@example.net,321.442.2906
360,Alexandria Brown,benjaminwilcox@example.org,863-442-3347x3880
361,Dwayne Hanson,richard16@example.net,001-940-342-6898x9198
362,Terry Moore,maxwellchristian@example.net,887-670-5765
363,Haley Stevenson,oevans@example.net,(813)597-3332
364,Stacy Pierce,kolson@example.org,(226)999-6840
365,Julie Perez,carrollcynthia@example.org,+1-463-593-7732
366,Karen Sanders,vritter@example.net,909-784-5378
367,Rita Johnson,rodriguezcynthia@example.net,+1-339-481-0963x833
368,Nathaniel Hicks,shannon68@example.net,+1-875-547-1649x990
369,Kathleen Warner,richardleonard@example.net,604.976.4659x66353
370,Gregory Parrish,wrightdavid@example.org,001-532-402-5791x67334
371,Lee Sandoval,jamessmith@example.com,(245)673-7942x6012
372,Andrea Medina,kingjessica@example.net,807-634-4335
373,Brian Flynn,bryan46@example.net,001-927-682-7638x8403
374,Ariana Dunn,andersonmargaret@example.net,394.779.2689x4792
375,Jessica Burton,josemullins@example.org,701-474-0186
376,Amber Schaefer,ttaylor@example.net,781-968-7815x6704
377,Victoria Gonzales,christopher10@example.com,925-937-3091
378,Kathryn Johnson,fgonzalez@example.org,(882)903-1897x64041
379,Leslie Reynolds,gabrielsuarez@example.net,(883)792-8448x28637
380,Tamara Stevens,nmiller@example.org,460-384-1404x42410
381,Christina Warner,khogan@example.net,(236)558-4772x43836
382,Michael Hall,lynnmoore@example.com,334-960-5146x33626
383,Susan Campbell,uwelch@example.com,602-825-2713x58467
384,Brandon Zamora,brownshelley@example.org,(802)886-0490x168
385,Jackie Owens,pnguyen@example.net,417-973-1401x185
386,Erika Soto,josephnunez@example.org,597-226-7144x81814
387,Jeremy Miller,troy44@example.net,+1-803-366-8543x41143
388,Christopher Torres,gregg24@example.org,(720)844-1984x671
389,Leslie Larsen,jamesbutler@example.com,562-359-8423
390,Jackson Webb,alison93@example.com,+1-330-895-5152
391,Brandon Anderson,jessicaoneill@example.com,582-652-1559
392,Monica Rodriguez,bakerjoseph@example.net,+1-594-459-0154
393,Daniel Moore,amanda65@example.org,(767)679-7518
394,Kevin Peck,carolynpatel@example.org,423.628.4711
395,Suzanne Patterson,cbruce@example.net,4619740546
396,Rick Ellis,imartin@example.com,(375)562-4142
397,Veronica Smith,whart@example.net,+1-376-576-3141x55443
398,Jenna Johnson,ronaldneal@example.com,607.438.2832
399,Jared James,carrie28@example.net,(423)731-9302x6698
400,Maria Freeman,fredcoleman@example.org,+1-297-499-2604
401,Darrell Choi,baxtermichelle@example.org,+1-858-366-7779x17728
402,Danielle Durham,hernandezjames@example.net,+1-387-417-9786x2155
403,Sandra Green,ddiaz@example.com,218.922.9409x3842
404,Yvette Navarro,jacobshannah@example.net,(713)745-4507x37418
405,Chelsea Rodriguez,tchoi@example.net,765-788-3453x3895
406,Elijah Perry,howeglenn@example.org,904-947-0758x29844
407,Paul Carson,zavalanathan@example.com,668-400-4162x8683
408,Mrs. Belinda Clarke DVM,brooke27@example.net,501.687.1141x02503
409,Mark Graham,carolphillips@example.org,(672)689-4458x8330
410,Nancy Torres,aaron98@example.com,+1-505-890-2505
411,Mark Harris,isteele@example.net,(658)998-1912x985
412,Joseph Harrison,erik14@example.com,304.943.6936x282
413,Danielle Ruiz,brentharris@example.net,954.820.8020x121
414,Becky Smith,laracharles@example.com,650.933.8944x70139
415,Christopher Lawrence,jessicaparker@example.net,+1-795-974-7523x3476
416,Gerald Schultz,andrew18@example.org,001-427-367-5116x180
417,John Rodriguez,halewendy@example.net,+1-427-341-0773x2316
418,Elizabeth Lewis,wellsshannon@example.org,7752030293
419,Brian Hobbs,qnicholson@example.com,5524045953
420,Kenneth Harris,phernandez@example.com,(527)594-3020x2405
421,Amber Robinson,ymcbride@example.com,663.947.7648x58183
422,Michele Smith,jesus19@example.net,(940)332-1083
423,Joseph Boyd,mross@example.org,(990)795-2861
424,Linda Bates,johnsonronald@example.net,(600)700-4279
425,Marco Foster,jacquelineedwards@example.net,+1-580-210-0570x73134
426,Danny Hoffman,brandi79@example.org,001-984-352-6477
427,Adrian Webster,stacey25@example.org,710.863.5557
428,Mark Ortega,qjohnson@example.com,829-806-7233x7878
429,Elizabeth Howard,upatterson@example.org,338.873.9098x1270
430,Jason Patel,cjones@example.net,001-295-379-2207x71075
431,David Mays,ryan68@example.com,997-824-7565x28826
432,Joe Williams,tracyhammond@example.com,808-605-5303x7758
433,Tyler Cook,shafferdaniel@example.net,285.848.4046
434,Cindy Nelson,jeffreywhite@example.net,001-258-307-8569x1321
435,Jessica Williams,lance91@example.org,2904297389
436,Jennifer Lee,daniel57@example.com,389-580-1594x9116
437,Mr. Marcus Davenport,sabrina49@example.com,+1-483-917-8753x33430
438,Katherine Brandt,gfreeman@example.org,886-204-5971x926
439,Timothy Hamilton,lesliepage@example.org,(720)830-8308x46663
440,Brian Rice,loveandrew@example.net,+1-716-580-3300
441,David Kim,fredprice@example.com,403-866-1261x1461
442,Mark Thomas,shelly99@example.net,653-291-2015x49756
443,Andrew Warren,acooper@example.net,+1-750-736-5740x826
444,Daniel Reyes,srivera@example.net,+1-911-711-0710
445,Jamie Cortez,bbrown@example.com,824.798.1080x8626
446,Alicia Cruz,wbrown@example.org,997-960-0521x717
447,Steven Stewart,icampbell@example.com,001-273-735-1680x299
448,Eric Wilson,jmercado@example.org,718-612-4225x516
449,Tiffany Hunt,robinsonvictoria@example.org,001-880-305-6602x73276
450,Andrea Holmes,johnpratt@example.org,470.815.1674x70249
451,Debra Green,rogerspeter@example.com,756.304.5555
452,Nicholas Smith,angela97@example.org,291-666-8656x59523
453,Cathy Alvarez,christinedavenport@example.com,8328288630
454,Dr. Tanya Green,cbishop@example.org,(406)788-6087
455,Eric Morales,lmccann@example.com,+1-352-965-8658x1362
456,Robert Jones,gutierrezchristopher@example.com,315.358.8946x3962
457,Nicole Berger,timothyscott@example.com,832-628-0146
458,Dustin Butler,obennett@example.org,269-402-2873
459,Brian Vazquez,robertbaldwin@example.com,9178417566
460,Hailey Harrison,mcfarlandsarah@example.com,+1-997-329-7710x5438
461,Robert Tran,edward98@example.org,828-548-9100x2391
462,Kevin Stephens,ghunter@example.org,(771)509-7562
463,Christina Ellis,andersonchristina@example.net,001-273-502-9290x00513
464,Jennifer Summers,mtaylor@example.com,791-664-8197x8938
465,Gary Sharp,hlloyd@example.net,707.225.2380x1456
466,Michelle Williams,sharon86@example.org,+1-771-428-1762x424
467,Kenneth Ewing,christy34@example.net,650-686-9501x7732
468,Jamie Parker,timothywest@example.org,2215222067
469,Elizabeth Brooks,katelyn10@example.net,(557)395-7422x1040
470,Steven Gross,schmidtbrandon@example.com,6968440367
471,Rebecca Vasquez,brittanyaustin@example.com,206.623.0771x87374
472,Gregory Hicks,john49@example.com,001-930-350-1505x18913
473,Benjamin Sims,nicolemolina@example.net,001-740-799-1082
474,Danielle Rivera,thomas97@example.org,619-687-2878
475,Mary Craig,bellkevin@example.net,258.926.1728
476,Joshua Silva,ogarza@example.com,+1-776-880-7638
477,Justin Ramsey,fbrown@example.net,(769)347-9818x983
478,Scott Taylor,kreyes@example.com,519-551-2866
479,Jennifer Mckay,shawsteve@example.org,559-992-2638
480,Terry Hicks,robertclements@example.com,874-815-2297x4004
481,Sara Taylor,hfoster@example.org,885-498-6997x13588
482,William Torres,hailey71@example.com,981.347.1766x2052
483,Sarah Pacheco,devonwang@example.org,272.381.5525
484,Michael Wilson,rortiz@example.com,998.489.8866x08667
485,Emily Guzman,baileytami@example.net,(532)889-9573
486,Lance Young,falexander@example.org,+1-916-716-0716x79872
487,Linda Roberson,annebryant@example.com,6413811384
488,Tony Heath,betty88@example.com,(543)922-2826x8393
489,Suzanne Flores,muellermichael@example.com,(769)405-7034
490,David Henry,kayla36@example.org,(297)615-7071
491,Courtney Heath,debbiethomas@example.org,8522303548
492,Steven Patterson,medinadeborah@example.org,(420)663-2447
493,Johnathan Fisher,eric83@example.net,001-946-501-9095x7978
494,Michael Ward,colonwillie@example.com,496.278.3371x854
495,Dustin Ward,zacharybaird@example.org,001-910-847-5605x670
496,Rachel Mclaughlin,glang@example.net,856-232-2130
497,Lauren Williams,kelly36@example.org,+1-293-678-1205x5996
498,Tina Larson,williamjordan@example.org,890.660.6350
499,Chad Wallace,kpugh@example.org,(512)732-8310x985
500,Robert Livingston,aruiz@example.net,001-514-671-9232x4961
501,Isaiah Swanson,byu@example.com,001-727-676-6855x0636
502,Billy Berger,austinmckinney@example.net,316-441-4346
503,Cindy Miller,nlynch@example.org,745-470-3391
504,Angela Mooney,anthonyburns@example.net,+1-791-423-6248x5081
505,Donna King,mbird@example.org,(724)252-5857x045
506,Misty Ramsey,drewrogers@example.org,431.574.3069
507,Wanda Bird,ecampbell@example.com,858-612-6772x125
508,Jeremy Lee,vanessawilliams@example.net,9654684810
509,Michael Mcdaniel,jacob34@example.net,664-586-8629
510,Angela Stephens,davidmartin@example.org,001-520-530-9303x75998
511,Sharon Hall,michaelsmith@example.com,7454410181
512,Scott Ortiz,fbuchanan@example.org,(965)607-8246
513,Belinda Mcdonald,marshallhaley@example.net,6257579976
514,Douglas Rodriguez,joneskenneth@example.net,001-767-280-4118x311
515,Mary Washington,adrienne87@example.com,4905641220
516,Katie Campos,hernandezmichael@example.org,505-321-4762x966
517,Randy Fitzgerald,wholder@example.net,732.957.5412x1336
518,Danielle Johnson DVM,suedoyle@example.com,782.389.4524
519,Rachel Anderson,andrew23@example.org,665.519.6244
520,Kimberly Mendez,jasonlynch@example.com,745.475.6739
521,Jared Hensley,boydyolanda@example.com,2718169607
522,Chelsea Ward,felicia91@example.com,(994)846-6364x23154
523,Michael Nunez MD,joneslauren@example.org,338-422-6570
524,Steve Smith,williamsjoshua@example.com,359.854.6410x3159
525,Daniel Walker,agoodman@example.net,(504)459-7142
526,Christine Clements,figueroasteve@example.net,+1-446-370-2554x89076
527,Jason Ferguson,sanchezlinda@example.com,267.433.1218
528,Nicholas Martinez,nstewart@example.com,(227)698-3873x6646
529,Jeremy English,ethanwalker@example.com,211-965-1665x9231
530,Randall Ball,zunigamatthew@example.com,(521)612-9701
531,Frank Moore,soliserica@example.net,345-210-1656
532,Angel Smith,cochrankevin@example.com,227.994.8813x3785
533,Charles Ibarra,gerald18@example.org,629-954-6654x646
534,Ashley Jordan,owagner@example.org,(524)374-2618
535,James Silva,heatherjackson@example.com,001-671-940-8109x049
536,Thomas Figueroa,mmckinney@example.net,+1-887-384-8744x027
537,David Huff,hmiller@example.com,+1-831-779-3447
538,Mrs. Tara Torres MD,fjames@example.com,001-250-273-9899x7590
539,Bianca Greene,cynthia99@example.net,(787)559-6046
540,Michele Jones,cforbes@example.net,709.729.8377x1558
541,Andrew Green,urobles@example.org,(576)823-3748x32829
542,Roberto Martinez,bennettpatrick@example.net,001-844-300-5938x05049
543,Stuart Brown,hbell@example.org,355.959.9823x4899
544,Melissa Jones,brookereeves@example.org,001-874-476-8909x1014
545,Michael Neal,warewilliam@example.net,228-925-3344
546,Dawn Velazquez,perezmaria@example.org,001-224-389-6867x17673
547,Tony Martinez,carol30@example.org,809.623.5277x700
548,Daniel Beard,brandonstephens@example.net,333-619-4591x71515
549,Tamara Miles,martinezmelissa@example.com,001-522-943-9459x6204
550,William Martinez,bgarcia@example.net,+1-313-400-9536x42467
551,Mark Mcdonald,egonzalez@example.com,(899)410-8923x892
552,David Swanson,patrickcruz@example.net,918-624-5412
553,Hannah Greene,lisareese@example.com,001-921-976-6115
554,Kirsten Haynes,bryan90@example.net,+1-998-676-4381x53859
555,Mark Clark,patriciacruz@example.org,961-909-4140x8131
556,Nicholas Miranda,bjones@example.com,001-990-528-4647x332
557,Mary Hernandez,jnorton@example.com,+1-630-971-5403x1015
558,Phillip Moon,changdevon@example.org,(718)414-5904x440
559,Barbara Stone,jonesjane@example.net,001-702-636-7909
560,Theresa Ibarra,robert47@example.net,708-651-2439x71043
561,Candace Torres,genehines@example.net,255.340.5335
562,Lisa Kent,laura18@example.org,(694)521-2660
563,Robert Luna,bryantnatalie@example.org,361-417-3831
564,Deanna Richardson,gambledeborah@example.org,4904124349
565,Kyle Rodriguez,brandonsmith@example.org,757-237-5609x1173
566,Jonathan Scott,beth64@example.net,812.969.7166x31183
567,Kathryn Hawkins,laura01@example.org,997.271.6766
568,Antonio Conner,zlopez@example.org,383-618-0640
569,Maria Peterson,courtneychandler@example.net,3113455943
570,Catherine Hernandez,john39@example.net,+1-370-614-5774x412
571,Barbara Duffy,bgarcia@example.net,645-790-5738x39385
572,Kimberly Taylor,zfox@example.com,636-236-9888
573,David Wallace,amanda68@example.org,711-551-0842x195
574,Katherine Butler,wrightamanda@example.net,001-577-248-9820x65075
575,Alejandra Martinez,vdean@example.org,001-714-449-3089x926
576,Paul Steele,keithdaniels@example.net,567.448.8605x260
577,Andrew Cruz,trevor34@example.net,+1-868-500-5213x661
578,Samuel Monroe,smithadriana@example.org,+1-453-418-6930x0696
579,Andrew Perry,nancygiles@example.com,(500)318-4213x755
580,Miss Heather Flores MD,susanevans@example.net,(368)326-2409x19583
581,Francisco Wells,ebarker@example.org,530-702-7267
582,Patricia Gonzalez,vdalton@example.net,(333)880-6958
583,Kristina Mccullough,sglass@example.net,413.254.6972x7330
584,Steven Rodriguez,timothy56@example.net,001-862-615-7107x3253
585,Kevin Kelly,tgreen@example.org,774-280-6708x6623
586,Brittany Gibson,anna59@example.com,747.994.3626
587,Paul Harper,carlmartin@example.com,579-406-3733x8989
588,Amy Stone,jamesparker@example.org,934.769.2149
589,Brian White,christopher77@example.net,+1-695-408-8114
590,Garrett Herrera,colondaniel@example.org,679-213-9458
591,Crystal Mahoney,leefuller@example.org,001-287-740-5915x4811
592,Pamela Murphy,amanda88@example.net,001-941-409-7915x3320
593,Teresa Cordova,kevingray@example.net,001-298-728-3729x97745
594,Michael Lopez,joelpeters@example.com,608.844.2490
595,Ariel King,beth12@example.net,(232)671-9686
596,Miranda Horton,lori54@example.org,+1-704-447-5198
597,Tami Hale,edwardtaylor@example.org,494.831.5760
598,Bradley Vargas,itorres@example.net,868-850-3907
599,Matthew Cruz,jeanette79@example.org,776.584.4612x68526
600,Edward Arias,xhays@example.net,+1-954-603-9154
601,Jeanette Stone,erin45@example.net,3537984838
602,Scott Reeves MD,johnsonstephanie@example.org,(279)890-5127x1721
603,Julie Green,charles65@example.net,(622)698-2337x1785
604,Zachary Moses,sara03@example.net,001-731-860-3946
605,Eddie Davis,catherinehughes@example.net,(279)942-0568
606,Jacqueline Simmons,katiebranch@example.net,(607)260-3520x695
607,Johnathan Harris,kingjeffrey@example.net,6196195909
608,Phillip Hogan,whitetyrone@example.org,(395)446-0416
609,Charles Simpson,wellszachary@example.net,808-913-0611x581
610,Michael Steele,mitchelllane@example.net,001-614-436-7218x22404
611,Debbie Glenn,brownjennifer@example.org,(968)914-3468
612,Barry Brown,brian26@example.org,7748320916
613,Renee Vega,chapmantodd@example.net,001-683-252-0266x23592
614,Kelly George,kstone@example.org,001-525-657-3011
615,Ryan Allen,christinemcclain@example.com,856.656.2871
616,Marissa Weiss,patelanthony@example.com,(652)985-0144x8262
617,Kimberly Nelson,gcordova@example.org,205.906.6317
618,Lisa Park,tammypreston@example.net,548.817.9798x9560
619,Dustin Stanley,randall31@example.org,385.369.5616x3140
620,Jenna Mcbride,yolanda21@example.net,978-615-1350
621,Hailey Nelson,emily26@example.org,566.818.1579
622,Robert Mayer,lisasalazar@example.com,858-534-4426x49825
623,Jason Fisher,bennettpaula@example.org,001-358-832-1945x54452
624,Melinda Morgan,ohill@example.com,333.205.3699
625,Tammy Lopez,monica70@example.com,(493)923-8446x68295
626,Stephen Madden,kaitlynashley@example.com,001-413-413-1080x41706
627,Andrea Case,heathalexandra@example.org,463.544.1708
628,Annette Jones,ncarter@example.com,436-855-5778x396
629,David Davis,amy04@example.com,609.791.0559
630,Maureen Christian,emilyrodriguez@example.org,001-299-935-4932x65918
631,Dawn Schneider,rodriguezmelissa@example.org,+1-746-357-9863
632,Mary Wright,gutierrezmary@example.com,811-783-7361x1117
633,Thomas Klein,hhall@example.net,001-382-767-3131x35934
634,Jonathan Mcclure,ortegacarla@example.org,(880)763-7436x09276
635,Kelsey Floyd,harrisbrandon@example.org,418-841-8317x575
636,Jessica Peterson,karensalazar@example.org,+1-378-557-1230
637,Scott Mckenzie,garcialaurie@example.net,(942)405-0165
638,Amy Nicholson,michael87@example.net,334.352.8730
639,Matthew Pena,jacobsjohn@example.com,(281)288-3259
640,Nicole Berry,myerschristopher@example.net,610.665.4064x001
641,Bryan Case,stephen58@example.com,707.407.1181
642,Jamie Rivera,andrewward@example.org,676-556-1918
643,Melissa Cole,christopher61@example.com,720-501-0565
644,Matthew Wilson,hodgesmargaret@example.org,434.248.0197x5539
645,Victoria Rodriguez,dschneider@example.net,730.964.5322x432
646,John Rollins,erinbradley@example.com,935.595.6832x03876
647,Shannon Campbell,katherine48@example.com,2785019632
648,Sheila Keller,robertsanita@example.net,+1-459-320-9026x10593
649,Steven Williams,karenkelly@example.com,589.822.4485
650,April Petty,louis88@example.com,+1-573-985-3548x9490
651,Michael Taylor,stephanie16@example.com,(961)471-7483x9658
652,Tami Pacheco,hharris@example.com,870-795-4089
653,Alex Martin,williamowens@example.org,001-441-918-1086x050
654,Charles Miller,yblack@example.com,5508817081
655,Ashley Conner,brent17@example.org,+1-389-430-7501x251
656,Amber Daugherty,daniel76@example.com,681.972.9471x452
657,Lauren Trevino,hmolina@example.com,(401)635-3195x11631
658,Lori Bates,michaelrobinson@example.com,(552)643-2063
659,Ethan Johnson,david95@example.com,531-620-6859x854
660,Lisa House,qconner@example.com,(622)269-3489x769
661,Matthew Thompson,ksantos@example.net,494-278-5438
662,Paula Freeman,kcole@example.com,722.767.1592
663,Benjamin Edwards,michael79@example.net,3515155962
664,Johnny Ferguson,michealchandler@example.org,400-598-5392x37417
665,Daniel Smith,psmith@example.com,001-495-448-8793x8348
666,Stephanie Rogers,josephwilliams@example.net,224.786.9098x78377
667,Daniel Velazquez,kendra02@example.com,(804)605-6190x7749
668,John Stout,herrerajoseph@example.net,001-604-537-7672
669,Amy Clark,charlesklein@example.org,001-661-873-8591x7956
670,John Martin,angelabailey@example.org,+1-322-706-9118
671,Kyle Hammond,hillryan@example.com,(560)824-5822
672,Kenneth Ramos,annettecarlson@example.com,+1-806-475-7005
673,Guy Fischer,james11@example.org,593.651.4869x315
674,David Sanchez,lbarnett@example.com,297.453.4438x460
675,Dean Morrison,pfrank@example.com,425.319.5380x01729
676,Alejandra Harrison,gabriellehowell@example.com,001-986-259-5923x778
677,Sara Phillips,tjohnson@example.org,+1-795-204-6789x42752
678,Shawn Ingram,ruizheidi@example.org,347.835.2260
679,Colleen Marshall,michelle68@example.net,(878)925-6182
680,Michael Brown,susanstephens@example.com,286.480.8071x4347
681,Ashley Maxwell,julie64@example.net,001-282-372-0848
682,Michelle Herrera MD,graytina@example.org,379.397.3153x9105
683,Erica Williams,tammy35@example.com,(679)779-8526
684,Amanda Buchanan,justinpeterson@example.org,+1-840-545-6251x4014
685,Angela Reeves,brett64@example.org,001-443-418-2371x6658
686,Alex Hernandez,mcgeesarah@example.org,001-744-767-2530x860
687,Gerald Hart,william87@example.com,(835)844-8396x451
688,Micheal Chavez,rjackson@example.org,001-294-559-7075x13211
689,Justin Lewis,danielle23@example.net,(532)419-4133x43706
690,Kaitlyn Anderson,courtney23@example.org,6357374643
691,Jesse Roberts,williamsonemily@example.net,+1-879-848-1755x42178
692,Andrew Stewart,hansenbrandi@example.org,001-825-441-4728x409
693,Brian Carrillo,rbailey@example.org,414.415.7268x461
694,Frederick Rubio,arthur00@example.com,+1-608-376-8820x416
695,Nicholas Gardner,rsutton@example.net,001-936-594-9507x19183
696,Lance Anderson,yvonne54@example.org,292.988.6499x4540
697,Zachary Rollins,barnettchristian@example.org,599.693.3044
698,Andrew Mccoy,simpsonlori@example.org,001-357-798-0309x40682
699,Charles Haley,walkerholly@example.net,348.986.8976x891
700,Dennis Johnson,branditucker@example.com,+1-563-994-7085x793
701,John Bridges,jason37@example.com,001-860-646-7538x43900
702,Ruth Moore,cbarnes@example.com,395.554.1032
703,Andrea Reid,brenda27@example.net,+1-880-848-3767
704,Jesse Larson,emilyedwards@example.com,(327)494-2300
705,Richard Chase,nelsonsusan@example.com,325.308.8647
706,Sierra Stanton,emilysmith@example.net,(509)615-3495x2916
707,Melissa Cole,seth48@example.net,717-985-8071x364
708,James Campbell,vsmith@example.com,3786871110
709,Megan Burgess,mgross@example.com,001-767-611-4658x747
710,Danielle Lyons,jennifer88@example.com,743.276.0035x5601
711,Thomas Baldwin,dave00@example.net,(733)856-0367
712,Gregory Rasmussen,darylwoods@example.org,+1-817-470-3786x82305
713,Jessica Love,garrisonalisha@example.com,7738072914
714,Robyn Ruiz DDS,brookswalter@example.com,(252)510-9042
715,Valerie Perry,elliscaitlin@example.net,+1-925-370-1650
716,James Valdez,williamsjennifer@example.com,738-575-0905
717,Lawrence Koch,sarahhernandez@example.org,+1-655-230-8646x7313
718,Shirley Perez,marie42@example.net,444-693-6163x2577
719,Daniel Fields,gbryant@example.com,(784)309-7518x79364
720,Adam Roy,qweaver@example.com,001-768-204-7736x067
721,Clifford Thompson,ywoods@example.net,417-537-6394x40678
722,Shannon Carson,pgould@example.org,955.721.1708
723,Brandy Love,rclark@example.net,001-234-909-8604x105
724,Randy Farmer,yolanda92@example.com,637.506.1673x8876
725,Nicole Schwartz,jamie44@example.com,+1-461-857-5438x01981
726,Joseph Cardenas,solomonstephen@example.net,239-272-1426x8563
727,Teresa Page,christinelopez@example.net,(853)525-8116x68765
728,Rodney Ramirez,stevensonamy@example.com,(699)240-8814x187
729,Benjamin Burns,christophersantiago@example.net,724-980-1498
730,Joshua Brown,dawnhayes@example.org,+1-654-716-3658x9456
731,Joel Gentry,zbrown@example.com,(347)796-3380x35391
732,Brenda Jacobson,madisondixon@example.net,378-613-8306
733,Latoya Diaz,angela83@example.org,582.701.5930
734,Allen Gonzalez,thomasronald@example.net,9706441163
735,Ronald Brown,kylehendricks@example.net,247.601.6979x3272
736,Denise Moreno,johnpeterson@example.net,900.626.9071
737,Monica Miller,davilaadam@example.net,001-905-274-9083
738,Jeremy Reynolds,benjaminhughes@example.com,616.692.9323
739,Patricia Myers,njames@example.net,875-691-8069x506
740,Rebecca Norris,millerlaura@example.net,+1-245-209-4109x6622
741,Jennifer Bell,ryandavis@example.org,+1-220-747-5839
742,Mark Vaughan,davidibarra@example.com,001-213-410-2412
743,Alexander Smith,richardramos@example.com,529.449.6371x236
744,Nicole Hampton,richardsonjoseph@example.net,001-469-313-5116x18406
745,Diana Daniels MD,nancy56@example.org,001-567-493-3033x0628
746,Victoria James,williamclark@example.org,(517)535-5523
747,Dustin Lyons,jcross@example.com,504.565.7949x89005
748,Glenda Rivera,gabrielspears@example.net,001-336-312-5608x2067
749,Michelle Reynolds,wjuarez@example.org,(491)507-6537x26121
750,Lindsey Tucker,nathananderson@example.org,652.454.8884x096
751,Alexis Terry,cookkimberly@example.com,571.624.8133x80111
752,Samantha Green,marktorres@example.org,+1-241-958-4205x71383
753,Dennis Conner,sylvia68@example.net,(202)448-5651x3612
754,Nicole Little,amy17@example.com,001-590-241-1966
755,Scott Lee,margaret29@example.net,756.258.2251
756,Daniel Davis,ojames@example.net,(960)998-2975x686
757,Nicholas Wright DDS,obaker@example.com,813.615.6643x70086
758,Whitney Clark,buchananjoseph@example.org,(374)370-8398x12875
759,Kristin Barnett,nelsonkatrina@example.com,2472020669
760,Claudia Watts,bushchristopher@example.org,883.383.8872x55997
761,George Chase,msimon@example.net,860.261.9235
762,Trevor Quinn,nicoleguzman@example.net,614.447.4805x7611
763,Alexandra Lindsey,sdeleon@example.net,(561)952-8295x7778
764,Michael Kennedy,jacquelinenelson@example.com,985-801-1713x6888
765,Melanie Wall,duncanjessica@example.net,(818)786-9272x147
766,Isaac Martinez,hoffmandouglas@example.net,279.605.3085x90680
767,Dalton Cameron,ocooper@example.org,001-321-863-9712x7878
768,Susan Gallegos,jasonbarnes@example.com,001-491-820-4950x466
769,David Cruz,luismanning@example.org,617-256-7154x660
770,Jesse Gomez,heathersmith@example.org,883.277.9713
771,Perry Novak,natasha79@example.net,(410)820-2587x81717
772,Jennifer Smith,carlhernandez@example.com,+1-400-676-3376x374
773,Joseph Johnson,along@example.com,212-608-3839
774,Donna Johnson,edwardstammy@example.org,275.742.1912x4091
775,Charles Kennedy,reevesandrew@example.com,(820)951-5343x9598
776,Joshua Phillips,rtaylor@example.org,+1-365-699-5252x5401
777,Michael Molina,donald92@example.org,663.838.1439x24340
778,Aaron Jackson,jasmine25@example.org,512.645.5912x013
779,Joseph Holland,johnathangarcia@example.com,001-865-667-6263x7710
780,Elizabeth Henderson,marie76@example.net,566.390.0751x02171
781,Chase Johnson,pricesabrina@example.com,001-766-412-3093x57898
782,Margaret Moran,davidgarcia@example.com,(703)767-0943
783,Stephanie Carpenter,michael70@example.org,5979055669
784,Joseph Griffith,susan81@example.com,+1-955-606-6613x92971
785,Brittany Jones,christine69@example.com,(260)696-4907x835
786,Amanda Chang,danny93@example.net,936-623-0249x3532
787,Jeremy Sullivan,chamberspaige@example.net,(389)329-1331
788,Chelsea Schneider,noneal@example.com,+1-740-215-5435
789,Autumn Gordon,ernest06@example.net,+1-614-474-8954x50153
790,Amy Esparza,robert50@example.com,001-513-826-1957x358
791,Susan Mitchell,jwheeler@example.net,001-301-557-9163x470
792,Mary Marquez,bryanbrown@example.net,+1-824-852-5999x74924
793,Kathryn Gutierrez,zscott@example.org,437.810.7507
794,David Rodriguez,joyceschwartz@example.com,694-242-5720x722
795,Sharon Bennett,jamesroy@example.net,879-883-8088x959
796,Heather Gilbert,phelpsrobert@example.com,(822)903-9143
797,Lisa Davis,cbell@example.org,(746)864-3210
798,Erin Mack,wyattmaria@example.com,7055071031
799,Veronica Landry,ihatfield@example.org,672-417-0167x4159
800,Bailey Stout,frederickmedina@example.com,5974505737
801,Tammy Roach,adennis@example.org,568.813.3999
802,Cassie Page,matthewgray@example.org,(332)974-7508
803,Matthew Perez,loririchmond@example.org,001-833-531-8186x1327
804,Brent Johnson,conniesnow@example.org,294-408-4044
805,Joanna Drake,jensenlisa@example.net,765-388-1684
806,Diane Harris,wendy07@example.com,+1-613-372-1325x20718
807,Michael Collier,cbarnes@example.com,+1-248-228-3435x853
808,Daniel Scott,isolis@example.org,767.492.2773x062
809,Jamie Campbell,pattersonemily@example.com,691.789.8937
810,Angel Baker,bryce73@example.net,(345)231-1237
811,Stephanie Hunter,nixonjason@example.net,001-987-265-9292x16467
812,Rhonda Carson,mcphersonbrittany@example.org,001-323-272-6961x113
813,Chad Campbell,johnsonvictoria@example.org,(618)497-5805x93424
814,James Dunn,wattskevin@example.org,6363455743
815,Chelsea Anderson,hensonrebecca@example.com,001-327-864-3377x4007
816,Jacob Mclaughlin,bondandrew@example.org,301-980-4301
817,Sheri Lee,antonio76@example.net,479.203.8819
818,Rebecca Smith,renee97@example.net,276.635.0640x7226
819,David Zuniga,thomas95@example.org,+1-502-421-3369x403
820,Peter Mccann,karenking@example.org,(644)917-7062x490
821,Dr. Jennifer Stein,barberkenneth@example.org,(908)373-2990
822,Wayne Wright,flewis@example.com,7734579350
823,Haley Lewis,harmonjorge@example.org,597-596-5435
824,Kevin Moreno,warren25@example.org,001-390-434-6285x41357
825,Jacob Collins,cwright@example.org,001-578-813-8284x662
826,Benjamin Stevens,reesejohn@example.org,+1-883-784-2227
827,David Silva,jasondean@example.net,647-241-7088x9423
828,Stacey Navarro,karagarcia@example.org,001-609-862-5935x599
829,Rachel Mcintyre,rachel47@example.net,+1-628-693-7343
830,Eugene Maldonado,claudiaforbes@example.org,(328)608-0308
831,Mario Paul,iwebb@example.net,(401)260-6735x26706
832,Allison Parsons,timothy86@example.net,(931)548-2519
833,Jared Taylor,andrearamsey@example.com,001-562-714-6516x0698
834,Kathy Thomas,brianna60@example.org,(403)868-9421x1685
835,Zachary Nelson,robinsonrodney@example.net,742-611-1576
836,Travis Ortiz,walkersheena@example.net,6304481742
837,Mariah Harris,antonio54@example.com,(792)827-4883x1551
838,Larry Matthews,state@example.net,929-724-3345x5519
839,Vincent Williams,kirbymark@example.org,+1-308-417-7090x1889
840,Brett Murphy,theresa02@example.net,001-629-893-9127x16055
841,Crystal Williams,williampeterson@example.com,001-890-886-1645x3431
842,Mark Wilson,emilymoore@example.net,001-991-631-4111x8058
843,Kara Ruiz,michael14@example.org,(285)756-2585x718
844,Alyssa Vega,wjohnson@example.org,6017320034
845,Stephen Wyatt,malonetodd@example.org,350.828.9016
846,Brittany Cantu,websterkyle@example.org,001-891-757-3715x42913
847,Laura Boyer,chanjennifer@example.net,530-804-7653x705
848,Andrew Villarreal,laura83@example.net,588-849-1210x90685
849,Alexander Roberts,robin73@example.org,532.873.3230x93842
850,Mr. Roberto Baker,edwardharmon@example.com,+1-438-221-3251x3976
851,Robert Brown,kimberlygray@example.net,381.286.2068x35030
852,Holly Wallace,ywatts@example.net,001-849-697-1932
853,Trevor Deleon,wilsonjudith@example.org,7726800380
854,Angela Torres,jordan89@example.com,(327)335-1751x541
855,Nicole Murray,palvarado@example.org,3578625955
856,Andrew Mcdonald,amendoza@example.org,001-579-718-6472
857,Mr. James Mccann,andrew51@example.org,001-300-290-1979
858,Patricia Jensen,jorgesmith@example.org,+1-844-870-4896
859,Tammie Wright,parkertimothy@example.org,8607318087
860,Toni Barnes,johnburns@example.net,(716)808-8384
861,Aaron Neal,amanda81@example.org,900.946.0919x02949
862,Robert Mason,panderson@example.com,(787)821-8086x80359
863,Amanda Cummings,ycompton@example.net,+1-628-593-0339x099
864,James Lopez,aaron11@example.org,+1-406-218-7217x91186
865,Brian Hampton,jessicaphillips@example.com,001-300-495-7467x1853
866,Charles Miller,brentmarshall@example.com,+1-826-438-1303x963
867,Savannah Walters,robin99@example.net,835-453-5181x405
868,Jesse Williamson,wrightemily@example.net,+1-334-415-8496
869,Jeff Roberts,rileykimberly@example.net,001-908-423-4847x001
870,Richard Patterson,david13@example.com,001-316-704-9206x56842
871,Kevin Moore,jessemoon@example.com,675-381-2156
872,Roger Elliott,woodardrebecca@example.org,563.722.0874x84402
873,Antonio Palmer,friedmanashley@example.org,+1-670-558-3343x20428
874,Jeffrey Bryant,seanjohnson@example.org,001-681-664-4994x66998
875,Teresa Brown,loganduncan@example.org,001-684-967-6632x3973
876,Brenda Carter,zconner@example.net,718-639-7093x46035
877,Michelle Allen,njohnson@example.com,2304110399
878,Kevin Hill,robertstone@example.org,804-522-3487x2495
879,Tammy Brown,milleraustin@example.com,001-931-468-8582x68175
880,Tony Huynh,joshua86@example.com,(288)457-7580x241
881,Emily Ramirez,hopkinskimberly@example.org,759.879.2225
882,Megan Rogers,john76@example.com,922.912.8716
883,Rebecca Ramirez MD,jacqueline65@example.com,001-251-578-5051
884,Joseph Schneider,hebertgregory@example.net,(460)997-3266x28248
885,Tracey Brady,ryan07@example.org,929.938.9128
886,Faith Price,wilkersonelizabeth@example.net,(993)849-8017x9759
887,Andrew Collins,jeffcisneros@example.net,624-717-5651x5366
888,Andrea Rich,cheryl96@example.com,001-674-794-0749x93824
889,Michael Potts,fjones@example.net,489.929.0853x82376
890,Adam Doyle,elizabeth15@example.com,9186568369
891,Richard Powers,gonzalezleslie@example.net,512-251-3624x51658
892,Richard Greer,knewton@example.net,(329)228-3199
893,Amy Smith,nicholassmith@example.com,001-742-949-3218x460
894,Timothy Jones,morgantyler@example.org,+1-793-544-3635
895,Dominic Hill,karen57@example.net,001-631-950-7719x3641
896,Julia Thompson,sellersthomas@example.net,691-343-5757x52698
897,Katie Skinner,jasonrodriguez@example.org,886-645-2173x0390
898,Katherine Conner,denise07@example.net,+1-684-462-8257
899,Latoya Richardson,jjohnson@example.com,+1-549-823-5327x65876
900,Mary Weaver,erodriguez@example.net,863.360.5744
901,Stacy Floyd,pbennett@example.org,001-847-331-2614
902,Belinda Ramirez,glorialee@example.net,+1-473-203-0321
903,Amy Gutierrez,monicablackburn@example.net,723-711-7316x7150
904,Ryan Turner,heatherbrown@example.org,636.753.6553
905,Brad Wheeler,chavezgabrielle@example.net,001-969-328-1870x89900
906,Rachel Wallace,vcarson@example.org,906.366.4774x60530
907,Rebecca Noble,brianamoore@example.net,8238468428
908,Justin Galvan,catherine00@example.org,001-581-680-1110x3743
909,Anthony Harris,blairkelly@example.com,8809293194
910,Steven Ruiz,karen95@example.net,309-583-4648x20478
911,Gregg Ray,patrick83@example.org,001-765-725-9837x504
912,Timothy Thomas,zburke@example.org,248.842.6340x368
913,Matthew Taylor,qwatson@example.net,(649)521-1262
914,Jorge Jackson,wsanders@example.com,(692)576-8252
915,Eric Taylor,ijames@example.net,(612)331-4279x0441
916,Alexis Choi,david35@example.com,544-922-3245x96142
917,Dustin Reyes,michael73@example.com,(952)357-2292
918,Joshua Martin,kevin01@example.com,001-951-557-8888x551
919,Lindsey Pacheco,wmiller@example.net,001-257-872-4531x59023
920,Heather Robbins,hallvictoria@example.net,001-554-240-7543
921,Alan Mendoza,griffithalison@example.com,572.485.1013
922,Adam Martin,pmoody@example.com,+1-827-462-5504
923,Heather Wilkerson,paula18@example.net,+1-952-922-9808x7330
924,Andres Miller,jonathonkeller@example.net,(798)662-3748
925,Katherine Norris,jperez@example.com,855-433-5695
926,Andrew Tyler,scarlson@example.org,430-265-5317x752
927,Karen Garcia,yblankenship@example.net,7659563462
928,Melody Thompson,david44@example.org,+1-764-907-3707x9143
929,Juan Freeman,nclark@example.org,001-645-403-1088x89831
930,Kayla Case,abrennan@example.net,4817990726
931,Sarah Stout,traviswarren@example.org,001-595-274-6843
932,Shawna Sawyer,rwatts@example.org,001-507-425-9752x031
933,Kaitlyn Ross,erica85@example.com,001-407-855-2492x22227
934,Emily Martinez,ryan59@example.com,001-357-897-0181
935,Donna Gates,charles59@example.net,234.531.5863
936,Tammy Conner,olopez@example.org,(504)971-4374x961
937,Taylor Pruitt,edoyle@example.com,693.742.9861
938,Samantha Nelson,carolynorozco@example.com,001-953-914-7321x78711
939,Austin Mcintosh,stephanie16@example.com,552.469.3951x95158
940,Amanda Robinson,sharonmarks@example.net,+1-350-290-4388x43971
941,Andrew Lucas,sally90@example.net,680-808-8982x76074
942,Laura Hull,olivia71@example.net,(220)529-8685
943,Ronald Peters,tracyruiz@example.com,001-798-347-5454x071
944,Daniel White,taylorjenkins@example.org,(355)212-1936x5483
945,Amanda Davis,kellymoore@example.org,734-848-4621x803
946,Bonnie Chen,jacksonamanda@example.com,710.645.4378
947,Jeffrey Schneider,briannielsen@example.com,+1-396-216-8609x774
948,Christopher Turner,stephaniethompson@example.net,972-569-0521
949,Sharon Reese,bendernicholas@example.com,4832952992
950,Brittany George,vgallagher@example.net,(917)926-3084x3304
951,Kristopher Frost,garnersteven@example.net,637-921-2747x5839
952,Mrs. Christina Cohen,coxsarah@example.com,(726)374-5290x69286
953,Andrew Trevino,sarah23@example.org,2874082035
954,Jenny Reyes,larrylee@example.com,(234)973-6724
955,Connie Robertson,alyons@example.net,+1-626-535-6108x4216
956,Matthew James,baileymario@example.com,558-941-9080x109
957,Janet Campbell,justin45@example.com,+1-203-635-9819x1236
958,Andrew Bailey,crystal87@example.org,+1-850-328-9264
959,Jeanette Bauer,carolguzman@example.com,520.587.5828x567
960,Katherine Middleton,xdonovan@example.com,288-865-4886
961,Rhonda Gilmore,ashleyrobinson@example.net,+1-897-724-2558
962,Kendra Hernandez,sherry25@example.org,+1-318-416-8043
963,Luis Anderson,potterkathleen@example.org,+1-253-808-2117x27328
964,Mary Wells,amandawilliams@example.net,886.312.1270
965,Amy Baker,matthewparker@example.org,829-288-2070x78314
966,Cindy Barker,josephchaney@example.com,2357541305
967,Alexander Jackson,cookmaria@example.org,700.738.5282
968,Erin Thomas,crosbyscott@example.com,001-965-705-1810x5852
969,Charles Calderon,michelle86@example.com,381-410-2345x049
970,Brian Harris,mdavenport@example.org,685.974.3127
971,Angela Robinson,steven87@example.com,001-414-433-6197x9824
972,Richard Snyder,jasmineterrell@example.net,550.446.6746
973,Jamie Williamson,wporter@example.com,806.629.2019x49634
974,Jeremy Coleman,jacob33@example.net,(312)648-2060
975,Jack Fuller,amber99@example.org,+1-203-620-8475x859
976,Joseph Sloan,iford@example.net,285-865-7231x42019
977,Jose Martinez,kherrera@example.com,976-391-0467
978,Melissa Estes,laurarodriguez@example.com,+1-225-346-3197x8775
979,David Johnson,dcervantes@example.com,630-840-0127x308
980,Evelyn Rodriguez,hguzman@example.com,001-339-245-6634x08850
981,Patrick Lee,solson@example.com,469-243-5786
982,Paula Hudson,christophermerritt@example.org,400.919.8789x20588
983,Courtney Mcmahon,kellygonzalez@example.net,464-900-9871
984,Stephanie Mullen,victoriafox@example.org,3524517991
985,Richard Williams,kking@example.org,629.392.6538
986,Elizabeth Hawkins,jenniferfowler@example.net,001-436-658-9547x20289
987,Jennifer Hickman,blawson@example.com,001-639-698-6362x600
988,Danielle Valentine,rachelrodgers@example.org,(829)313-8582
989,Ronnie Higgins,sherryglover@example.org,+1-821-515-3653x1772
990,Jorge Dillon,todd89@example.org,001-761-788-3877x7916
991,Mark Jones,michael95@example.org,001-505-896-2995x87939
992,Joseph Anderson,shannon63@example.org,963.639.1114
993,Tyler Curtis,bethhood@example.org,001-611-967-0317
994,Deborah Robinson,lbarrett@example.net,+1-883-250-0134
995,Marie Perez,angelicastevens@example.com,674.932.7462
996,Wayne Thompson,davisderek@example.com,671-637-4941
997,Victor Robinson,christopher42@example.net,846.853.2252x570
998,Joseph Mcguire MD,danielpollard@example.com,964.964.4921x021
999,Jeffrey Rose,kristindavis@example.org,696-614-5507x5231
1000,Richard Gilmore,emilyfreeman@example.com,3029204169
1001,Patricia Gross,xlong@example.org,940-405-4429
1002,Jamie Young,mooneysheryl@example.org,652.363.5550x768
1003,Katie Allison,colemanjeremy@example.org,712-366-5133
1004,Timothy Reed,yhernandez@example.net,+1-863-565-7362
1005,Kimberly Harrison,kmcgrath@example.net,(381)796-6302x78050
1006,Jennifer Jackson,chandlerphyllis@example.org,+1-540-697-9750x2414
1007,Laurie Newman,kayla23@example.org,(303)946-6371
1008,William Ruiz,hacosta@example.org,979.889.2823x94193
1009,Diana Mendoza,rthomas@example.org,825-390-1380x4939
1010,Adam Hayes,hayesnatasha@example.org,+1-417-632-7657x809
1011,Brandon Jenkins,lisahunter@example.org,(765)517-4898
1012,Jennifer Davis,alicia13@example.com,4634565336
1013,Javier Miller,patrickbrown@example.com,+1-343-690-8291
1014,Travis Baker,hodgevictoria@example.net,780.847.4124x229
1015,Ryan Ross,ghernandez@example.org,789.951.2718
1016,Melissa Martinez,bthompson@example.net,+1-936-938-9828x602
1017,Judith Chang,daniel31@example.org,+1-479-751-4200x26692
1018,Andrew Bradley,twhite@example.org,(799)593-0018x4733
1019,Ms. Krista Taylor,ccampbell@example.com,(813)690-6352x8147
1020,John Alexander,paul36@example.net,6808132691
1021,Elizabeth Robinson,richard86@example.org,001-815-603-2728x300
1022,Kimberly Baxter,aandrews@example.net,934.763.0444x11375
1023,Cynthia Harris,kimberlybarker@example.org,295.381.2380x34590
1024,Zachary Wilson,ujohnson@example.org,845-265-2388x942
1025,Jesse Collins,millerchristopher@example.net,001-753-753-8992x6241
1026,Sean Curry,crystal57@example.net,9803142694
1027,Kristie Smith,shaynes@example.org,801-292-2512x57907
1028,Audrey Harrison,igibson@example.com,6402752820
1029,Timothy Armstrong,yvonnewhite@example.com,905.421.8693x22812
1030,Tim Harris,timothyruiz@example.com,(479)805-1673x94668
1031,Jane Jones,edward43@example.net,001-215-443-2327
1032,Michele Jimenez,tamarasandoval@example.com,994-918-2345x332
1033,Ryan Tate,paul70@example.com,001-542-949-3934
1034,Dr. Monica Patton MD,craigjason@example.org,001-452-913-2319x113
1035,Tiffany Yoder,wharris@example.net,+1-836-947-8504x306
1036,Daniel Davidson,dean92@example.net,(857)879-7013
1037,David Tucker,ksoto@example.org,708-542-1464x0210
1038,Hunter Cook,daniellemartin@example.org,324.640.0836x06412
1039,Mary Bennett,eugenesmith@example.net,001-514-287-2920x4064
1040,Elizabeth Cortez,qbrown@example.org,+1-762-694-3233x433
1041,Mary Ross,karen86@example.com,001-651-408-7931x2979
1042,Dustin Clark,nicholashughes@example.net,+1-564-316-6876
1043,Scott Mendoza,ricardoolson@example.org,254-411-5387x16082
1044,Joshua Bridges,osbornetonya@example.com,+1-990-492-4533x3792
1045,Kevin Rodgers,kathryn89@example.net,428-687-6890x6372
1046,Erin Daniel,fmiles@example.org,987.647.4426
1047,Mark Castaneda,brandon40@example.com,591.791.3009x200
1048,Larry Green,sgarcia@example.net,+1-837-646-9322
1049,Tammy Ray,jamesrussell@example.com,+1-785-351-0764x6848
1050,Theodore Vega,donald04@example.org,639-364-0799
1051,Joseph Perez,michael60@example.net,2677048774
1052,Kelly White,wevans@example.org,(457)963-7328x893
1053,Brian Gonzalez,lparker@example.com,884-404-9318
1054,Mary Davis,briannahenderson@example.net,585.562.2193x405
1055,Paul Cowan,javier30@example.net,(423)827-0976
1056,Hannah Raymond,ejones@example.com,(810)897-0723
1057,Don George,gallagherthomas@example.org,(815)689-1014x29536
1058,Justin Brown,romeroalicia@example.org,+1-208-865-9747
1059,Samantha Ryan,along@example.com,6428030130
1060,Stephen Cooper,kenneth12@example.net,(378)466-9120
1061,Danielle Thompson,nicole86@example.net,(326)663-7306x4626
1062,Stephanie Curtis,nathan54@example.net,+1-684-913-0938
1063,Mariah Osborne,elizabeth76@example.net,001-559-580-7769
1064,Nicholas King,randall74@example.org,+1-754-418-1085x2388
1065,Caleb Collier,shelbygrimes@example.com,+1-959-215-5292x31317
1066,Kevin Jones,wrightvictoria@example.net,385.828.8610
1067,Bryce Rodriguez,cynthiatorres@example.net,+1-390-833-9830
1068,Adrienne Foster,terryrobinson@example.com,(345)458-1172
1069,Carol Franklin,jessewilson@example.org,(992)752-9702
1070,Mr. Brandon Garcia,andrea50@example.org,8545676238
1071,Jo Carroll,francoemily@example.net,707-817-2338x31590
1072,Mr. Steven Zimmerman PhD,steven35@example.com,(249)951-6583
1073,Jessica Strickland,perezjason@example.net,230-399-9608x3978
1074,Ryan Ramos,michellemunoz@example.net,883.992.9265x9873
1075,Elizabeth Alexander,whitney41@example.net,4973190248
1076,Jordan Moore,lindalee@example.org,001-585-584-8190
1077,Eric Roberts,christopher04@example.org,+1-620-621-5731
1078,Stephen Chaney,gravesnatalie@example.net,001-249-458-3737x492
1079,Keith Olson,christopheranderson@example.com,6988359355
1080,Russell Butler,rodriguezanthony@example.org,+1-730-556-6592x5316
1081,Daniel Austin,nicole52@example.net,+1-361-442-2170
1082,Amy Eaton,dianegarrison@example.net,892-371-8356x3090
1083,Frederick King,alanfernandez@example.com,+1-903-316-5521x638
1084,Amanda Green DDS,hollybrown@example.net,911.661.0565x325
1085,Anthony Chambers,barkercharles@example.com,(725)206-6052x4303
1086,Jenny Ford,melissaguerrero@example.org,(978)677-1619x2383
1087,Trevor Hernandez,christopher16@example.org,202.531.7665x18910
1088,Patricia Johnson,jsnyder@example.com,988-906-8759
1089,Charles Wilson,nkennedy@example.org,660-335-8295x8156
1090,Nicolas Fowler,trichards@example.com,+1-562-321-5060x056
1091,Laura Martin,ricebrian@example.org,861-442-1634
1092,Joshua Rangel,joseph25@example.org,(447)890-5157
1093,Brian Arnold,loganerica@example.net,+1-436-512-0495
1094,Stephanie Smith,caseylee@example.org,2167097466
1095,Thomas Nunez,joannabaldwin@example.org,2087497901
1096,Jessica Rodriguez,daniel68@example.net,001-480-683-6763x4879
1097,David Velazquez,christinaeaton@example.com,+1-226-569-2620x25167
1098,Nicholas Ross,townsendsandra@example.org,001-776-669-4602
1099,Jordan Hudson,wardterri@example.com,(878)830-8036x1944
1100,Matthew Berry,reginahines@example.org,001-617-238-7580x7715
1101,Renee Gonzales,adamsraymond@example.net,506.562.6705x761
1102,Eddie Howard,bairdbenjamin@example.org,786-283-1823x959
1103,Victoria Morales,nicole36@example.net,(836)894-5560
1104,Malik Phillips,tmorgan@example.net,815.563.3347x26968
1105,James Williams,rebecca28@example.net,518-485-7951
1106,Terry Harper,fcampbell@example.net,(207)575-6512x36112
1107,Mark Simmons,tvaughn@example.net,001-374-525-7598x22309
1108,Kristen Thomas,conleycarlos@example.org,(463)767-5612x417
1109,Ana Smith,caroline79@example.org,001-888-228-9789x253
1110,Veronica Kelly,banksbrianna@example.net,(260)203-7084
1111,Cory Hansen,bennettmichael@example.net,+1-432-608-8427x91515
1112,David Fisher,vreed@example.org,500-595-3280
1113,Christopher Cruz,patrickclark@example.net,(985)393-6630
1114,Erin Snyder,samanthasmith@example.com,+1-839-582-7502
1115,Ann Moreno,paige48@example.org,303-316-1505
1116,Maria Harris MD,sonya66@example.com,908.562.9544
1117,Mr. Raymond Gordon II,taylorlinda@example.org,+1-853-303-8808x877
1118,Felicia Hernandez,emily22@example.com,+1-671-621-6221
1119,Vanessa Hobbs,paul20@example.net,(426)443-0805x800
1120,Mark Hardy,brooksjames@example.com,001-387-937-7370x5896
1121,Kristine Moore,parrishdeanna@example.net,001-940-209-8966x1183
1122,Mr. Michael Stein,wallacerebecca@example.org,+1-699-313-7198x970
1123,Gary Russo,paige61@example.net,(592)533-4417x781
1124,Charles Manning,michelle09@example.org,+1-382-797-7410x490
1125,Martin Allen,wbaird@example.net,722.740.5651
1126,Kristina Campos,lisanguyen@example.com,279-366-0004x01927
1127,Troy Newman,wwalker@example.com,001-876-950-7203
1128,Donald Lawson,tiffany61@example.org,(940)341-4301x3489
1129,Taylor Doyle,jeffrey75@example.com,723-311-8003x3841
1130,Justin Lam,steven59@example.com,660-226-0327x79388
1131,Sarah Williamson,omartinez@example.net,801.956.2259x59167
1132,John Taylor,meredithmartinez@example.org,001-798-607-4999
1133,Denise Travis,stevensdavid@example.net,817.969.6558x5816
1134,Alyssa Bishop,heathermcdaniel@example.net,901.818.2386x69883
1135,Rachel Ballard,millerjuan@example.org,(980)220-2065
1136,Kelly Rodriguez,melissazuniga@example.org,327-662-9223x823
1137,Matthew Hart PhD,julia94@example.org,001-268-954-7324
1138,Joseph Morrow,williamskatelyn@example.org,(349)262-0866x842
1139,Colleen Dillon,xharmon@example.org,393-751-1674x7038
1140,Erin Pierce,morganlaura@example.com,9462776179
1141,Jean Baker,kelly71@example.net,+1-367-720-0659
1142,Brian Tanner,brooke18@example.net,2659310641
1143,Elizabeth Lindsey,smithlucas@example.net,+1-948-292-4874x97356
1144,Dylan Reed,ericawarren@example.net,(547)636-4805
1145,Christopher Rivas,qmcintyre@example.net,256.996.2260x119
1146,Amy Chavez,qthomas@example.net,+1-555-686-7956x12975
1147,Phyllis Patrick,frankmichael@example.com,770-251-2431
1148,Michelle Mccarthy,timothy47@example.net,324-658-5062x5359
1149,Spencer Moore,johncole@example.com,4118617126
1150,Austin Kline,elizabeth42@example.org,+1-990-545-3117
1151,Roger Roman,vasquezmonique@example.com,680-465-6466x24752
1152,Kayla Harper,bwu@example.com,001-923-733-9872x20518
1153,Rita Mckee,justin20@example.net,643-949-3352
1154,Alexandra Ellis,christinawhite@example.com,(826)765-1009x325
1155,Stephanie Cowan,pfisher@example.com,001-549-446-8762
1156,Michael Barrett,pwhite@example.com,(344)486-6680
1157,Amanda Wagner,hansonemily@example.com,(377)615-1342x88431
1158,Jennifer Hayes,michaela78@example.org,+1-507-492-7327
1159,Rita Rivas,kimberlyalvarado@example.com,001-383-839-5965x25423
1160,Spencer Patel,lynchtravis@example.org,734-814-8388x87776
1161,Kimberly Andrade,fblair@example.com,551-646-1693x620
1162,Jason Ortiz,tracy78@example.net,001-840-224-2597
1163,Jeff Shaw,luislopez@example.com,452-484-1076x399
1164,Alexander Downs,cfarmer@example.org,950-348-1837x3579
1165,Mindy Ellis,clayton97@example.com,+1-723-354-4088x69029
1166,Nicole Christensen,donaldrobbins@example.net,(503)929-5217
1167,Jennifer Lopez,bryanyoung@example.net,(466)266-5957x13172
1168,Sheri Quinn,hollowaykarla@example.org,(964)404-2681
1169,Stephanie Lewis,ashley53@example.org,830-758-0018
1170,Jessica Davis,morristraci@example.net,001-642-785-9643
1171,Kyle Flynn,rhess@example.net,849-224-9727x4715
1172,James Reese,jesustorres@example.org,227-529-6139
1173,Lucas James,cookalec@example.org,933-402-1494x71213
1174,Parker Shaw,johnnywhite@example.org,736.612.6121
1175,Brenda Robertson,kevinrichard@example.com,958.371.8799
1176,Nicole Stone,nicole33@example.net,(334)590-5897x84002
1177,Faith Ray,millerkaren@example.net,+1-460-799-1217x47004
1178,Daniel Hoffman,scott29@example.net,(604)491-4116
1179,Michael Elliott,smithwendy@example.com,585-562-3138
1180,Christopher Carter,mannashley@example.net,+1-460-220-5048
1181,Julie Munoz,patrickrichards@example.org,001-933-615-6781x0759
1182,Mary Miller,garciaaustin@example.net,419.680.3761
1183,Joel Clark,smithlindsay@example.com,529.596.7172x69782
1184,Christine Thomas,amber25@example.net,524.739.1877
1185,Jacqueline Gray,katelyn80@example.com,+1-735-797-8792x045
1186,Mark Simmons,wendycook@example.com,6748737963
1187,Elizabeth Jimenez,shannonturner@example.com,786.658.6840x484
1188,Nicole Reynolds,johnsonamanda@example.net,986.949.8216
1189,Jonathan Peterson,glennwilliams@example.org,(764)238-4945
1190,Brian Carpenter,laurie95@example.com,305.943.8569x2047
1191,Amy Thomas,diamond70@example.com,965-296-8808
1192,Jenny Harris,cynthia77@example.net,512.787.0843x71697
1193,Karl Kelly,floresandrew@example.org,+1-723-247-3452x059
1194,Jennifer Thompson,nicholsonmelinda@example.org,+1-286-991-3432
1195,Pamela Bailey,hunter40@example.com,(943)631-2004
1196,Mr. Chad Vargas,daltonrobert@example.com,+1-307-754-1580x897
1197,Timothy Harris,amy42@example.net,807.960.4483
1198,Benjamin Ramirez,kelly95@example.com,663.826.5479
1199,Jeremy Gonzalez,hchambers@example.com,209.978.7244x1891
1200,Christina Anderson,rebeccacooke@example.org,+1-902-538-3330
1201,Monique Harris,barryhaynes@example.org,(484)857-5425
1202,Brandon Smith,garrettjack@example.net,(549)356-9385
1203,Dean West,raymondlozano@example.com,574-775-6332
1204,William Castro,hhardy@example.net,593.939.1794x9117
1205,Frank West,burkericky@example.com,5333210951
1206,Deborah Hester,walkermelanie@example.com,001-954-553-1192
1207,Shelly Riley,mmoore@example.com,(861)245-7910x92736
1208,Alexis Jenkins,aliciasilva@example.com,+1-251-643-8451x1511
1209,Alan Richards,hillwilliam@example.com,562-365-4415
1210,Walter Arnold,urobinson@example.net,+1-927-674-9405
1211,Emily Ross,laurarobbins@example.net,(938)658-1117x956
1212,Hannah Vasquez,ashleysmith@example.org,(692)200-6483x48102
1213,Virginia Berg,fosterchad@example.net,910.589.9509x99580
1214,Andrew Mccullough,thomaswesley@example.com,(809)508-2856x367
1215,Tammy Christensen,bradleykimberly@example.com,297.787.1551x2681
1216,Catherine Carr,martin38@example.com,431-395-5875
1217,Danny Holmes,ellisaaron@example.net,001-981-400-1291x7594
1218,Susan Davis,molinachristopher@example.com,001-205-326-9158x588
1219,Melanie Clark,martinantonio@example.com,629-618-7648x292
1220,Kimberly Reed,alexanderedwards@example.net,001-841-323-7239x86346
1221,Julia Edwards,brandon82@example.net,001-805-322-1679x835
1222,William Martinez,dalelynn@example.com,707-201-5520x49263
1223,Sabrina Olson,gonzalezdouglas@example.org,656-738-4939x103
1224,Frederick Jennings,millerdaniel@example.org,355.918.8892x561
1225,Nicole Rojas,john24@example.net,878.827.3041x122
1226,Mary Salas,harrismichael@example.net,+1-294-348-2738
1227,Jeffrey Chavez,allenmark@example.net,+1-745-965-3850x624
1228,Mr. Sean Sullivan DVM,welchgary@example.com,+1-807-501-6938
1229,Jamie Duncan,jennifer98@example.net,001-955-850-8743x1336
1230,Angela Bailey,finleymarvin@example.com,7856962977
1231,Paul Perry,veronica93@example.org,001-670-328-4988x58913
1232,Nicholas Mathews,brettbishop@example.org,001-639-655-2334x50002
1233,Lisa Mills,smithkara@example.org,6504443914
1234,Richard Griffin,hmathews@example.com,254.874.0944x640
1235,Brett Evans,willievega@example.org,2005841801
1236,Donald Payne,scott51@example.net,5829029581
1237,Gabriel Wilson,kbrown@example.net,001-399-240-2291x1383
1238,Eddie Ford,eric91@example.net,+1-255-893-9336x706
1239,Kenneth Schmidt,ariana93@example.net,650.986.7630x465
1240,Daniel Ayala,gary49@example.net,470.491.8330x09018
1241,David Lewis,flemingashley@example.net,729.757.0649
1242,George Lopez,perezdavid@example.net,(733)668-3753x8837
1243,Lisa Odonnell,tturner@example.org,+1-452-602-0441x595
1244,Emily Garcia DDS,hmorrow@example.net,396-441-6894
1245,Natasha Dunn,ekennedy@example.org,689-253-7955x3346
1246,Dale Cooper,claudia41@example.com,001-566-477-0399x65353
1247,Angel Johnson,jwang@example.net,(269)348-2307x19362
1248,Christopher Fitzgerald,qbender@example.net,850-598-4107
1249,Tristan Cook,julie62@example.net,498.657.9843x1076
1250,Ashley Ellis,reednicole@example.com,(247)360-7366
1251,Nicholas Gonzales,johnharris@example.com,(617)316-2959x6853
1252,Christopher Lee,rebeccawu@example.com,+1-694-306-6689
1253,Rachel Joseph,rlowery@example.org,+1-975-398-2505x62162
1254,Todd Brown,thomasdevin@example.com,424.403.7596
1255,Cody Goodwin,hriley@example.net,477-766-2829x8111
1256,Anne Owens,parkerjennifer@example.net,936.984.9421x47598
1257,Nancy Lewis,fmaynard@example.com,9754675681
1258,Glen Reed,brandontaylor@example.com,+1-679-748-1602
1259,Dawn Hines,anthony71@example.org,342-350-3340x896
1260,Danielle Choi,gonzalesmichelle@example.net,001-221-942-5862x70022
1261,Keith Hinton,reynoldseric@example.net,001-695-384-6924
1262,Beverly Weeks,michael64@example.com,669.479.0245
1263,Teresa Juarez,samantha30@example.net,973.683.4557x6736
1264,Phillip Thomas,blakewhite@example.com,716.909.0744x16859
1265,Rebecca Patel,alvarezpatricia@example.net,+1-631-779-0243x92142
1266,David Richards,bryancarl@example.com,930-987-8011
1267,Edward Bennett,sheppardbenjamin@example.net,(378)768-4491
1268,Sarah Hernandez,agibson@example.com,3288626909
1269,Christopher Nelson,deanjason@example.com,255.966.6800
1270,Autumn Murphy,jmartinez@example.com,3787385061
1271,Adrienne Wilson,patrick11@example.com,424-355-9566x000
1272,Wendy Glenn,vbrowning@example.com,3682024608
1273,Anthony Gonzalez,victoria85@example.com,840.461.9848
1274,Alejandro Warren,bethany42@example.com,646-603-2266x165
1275,Christian Gallagher,michaellawson@example.com,710.852.4966x97160
1276,Deborah Tran,kevin31@example.net,333-664-8535x4201
1277,David Gregory,brittany87@example.net,001-484-209-0654
1278,Brian Moore,laurathompson@example.com,+1-841-580-2904
1279,Craig Wilkins,lindseyblackwell@example.com,001-461-518-9620x9203
1280,Angela Arnold,peterfarrell@example.org,441-791-1555
1281,Robert Finley,hopkinsadam@example.org,239.505.2630x9926
1282,Andrea White,rushdenise@example.net,(233)971-8742x50230
1283,Ashley Thompson,rachel50@example.org,831-268-8562x68792
1284,Amber Baker,deannaarellano@example.net,(542)629-7235
1285,Megan Powers,ygonzalez@example.net,9645458727
1286,Martin Walsh,feliciabaldwin@example.org,+1-362-228-5399x205
1287,Stephanie Quinn,smithrebekah@example.org,4746317899
1288,Susan Murphy,brenthughes@example.com,948.844.5227
1289,Robert Johnson,coopertimothy@example.com,311-323-1063
1290,Dorothy Francis,natalie98@example.org,4866289721
1291,Ryan Smith,johnnydalton@example.net,(924)237-9534x4949
1292,Debra Lynch,riggswilliam@example.com,+1-863-290-5455
1293,Sara Arnold,ggordon@example.com,001-681-453-4260
1294,Abigail Holloway,johnsonwilliam@example.com,+1-393-320-6670x11098
1295,Karen Reynolds,uroth@example.com,(907)790-4522x18383
1296,Ashley Mcdonald,elizabeth02@example.net,(500)808-0772x642
1297,Carolyn Green,leeluis@example.com,360.732.8099x9715
1298,Rebecca Bell,cynthia09@example.com,649.721.6058x9103
1299,Kevin Morales,amber60@example.com,(531)479-0715x256
1300,Monica Hodges,reedpaige@example.net,+1-795-464-5628x8071
1301,Mr. Kevin Hamilton,terrydavis@example.org,575.988.3267x4615
1302,Brandy Hill,edwardwright@example.org,236-973-9160x046
1303,Kevin Porter,hhall@example.com,553-933-1076
1304,Todd Moore,glovergail@example.net,(683)510-8186x17891
1305,Anthony Gutierrez,timothyoliver@example.com,(564)927-6121x809
1306,Angela Hansen,ortiztina@example.com,999.733.8404x57894
1307,Amanda Jones,justin06@example.com,+1-255-577-7717
1308,Douglas Gutierrez,dwilson@example.com,942.335.2491x223
1309,Jeffrey Glass,ntucker@example.org,(398)241-9906
1310,Denise Wallace,dana04@example.com,882-242-0555x11137
1311,Lynn Lara,greenwilliam@example.net,9507092189
1312,Tiffany Holmes,robertbarr@example.com,247.846.1467x853
1313,Sue Norman,brookskaren@example.net,350-385-5349
1314,David Cox,dale41@example.net,001-471-347-4785x854
1315,John Johnson,carrbarbara@example.net,(421)263-2026x82119
1316,Jeffrey Calderon,dylan74@example.org,8439945409
1317,Nancy Hughes,christine99@example.org,2423753683
1318,Susan Livingston,codysmith@example.org,241.646.5728x30743
1319,Ann Alexander,crosskathleen@example.com,001-977-728-4605x656
1320,Sarah Parker,daviskimberly@example.net,(870)427-8595
1321,Jason Cruz,carsonalicia@example.com,001-694-281-1530x5512
1322,Denise Hess,brenda22@example.net,001-676-725-9572x091
1323,Marcus Burton,barbaramitchell@example.net,(320)839-8195
1324,Julia Rodriguez,ccabrera@example.org,531.807.6265
1325,John Roberts,curryrobert@example.com,879.534.8638
1326,Curtis Christensen,rushrichard@example.org,001-853-300-8352
1327,Robert Hernandez,lanedonald@example.com,756-745-5264
1328,Martin Smith,norriseric@example.org,(225)641-9305x26803
1329,Kim Carter,peckdonald@example.net,001-565-866-4252x65188
1330,Preston Wilkinson,kathleenfarmer@example.org,+1-516-982-8871x75090
1331,Samantha Gordon,kevin31@example.net,881.769.5587
1332,Sarah Brown,matthew67@example.org,(541)800-6489x5314
1333,Carl Joyce,michaelali@example.org,810.914.4432x8962
1334,Katherine Santos,torresmorgan@example.net,2862003812
1335,Luis Lambert,david69@example.net,001-652-792-9314x3104
1336,Jacqueline Perez,peterlamb@example.net,450.809.6986x71406
1337,William Rodriguez,bhenderson@example.com,370.569.1623
1338,Morgan Bell DDS,wilsonjoseph@example.org,(606)521-2156
1339,Lynn Baldwin,steven15@example.org,(459)649-0265
1340,Krista Schwartz,pottsjoel@example.com,617-545-1404
1341,Michelle Valenzuela,williamsjimmy@example.com,7609315101
1342,Andrew Dyer,robindavis@example.org,593.629.9704x3284
1343,Morgan Johnson,jamie89@example.net,+1-909-595-7792
1344,Cassidy Brown,ocooper@example.net,718.542.9213
1345,Matthew Olson,elliottsarah@example.com,739-209-6460x0165
1346,Christopher Kerr,richardsonheather@example.net,6463532034
1347,Travis Navarro,tammyhoward@example.org,001-214-768-1895x3669
1348,Sabrina Anderson,matthew49@example.org,776.563.9867x27923
1349,Tiffany Bruce,solisrebecca@example.com,665.523.1175x7317
1350,Randall Peterson,nrodriguez@example.org,493.776.3972x19423
1351,Robert Olson,xponce@example.org,210.258.8454
1352,Joshua Barnett,erin60@example.com,(868)860-7092x5930
1353,Robert Reeves,erik90@example.com,4965095561
1354,Amber Cortez,petersonkevin@example.net,204-489-8570x870
1355,Mary Lee,lchoi@example.net,(390)757-7151x072
1356,Timothy Knox,ndonaldson@example.com,428.842.0408x6686
1357,Patrick Garza,cjohnston@example.net,001-560-451-8596x2745
1358,Kathryn Chen,ramirezkelly@example.com,222.469.6239x819
1359,Jeremy Barnes,eugenebrown@example.com,001-569-960-2898x606
1360,Maria Trevino,simschristine@example.net,754.257.1653x42721
1361,Paul Hinton,ryanhudson@example.net,4979929318
1362,Robert Robinson,mcleanbarbara@example.com,(558)316-3042x2483
1363,Carla Cross,lmejia@example.net,631-665-2178x6460
1364,Mary Graham,robertwilliams@example.com,841-247-6846x31862
1365,Bobby Rowland,michaelwoods@example.net,916.532.6700
1366,Jared Mcneil DDS,westjessica@example.com,420-372-3887
1367,Melanie Hill,amber68@example.org,3854018714
1368,Travis Mcgee,samantha22@example.com,+1-212-759-9312x7008
1369,Mr. Charles Wells DDS,donaldwilliams@example.net,(586)986-7596x76658
1370,Brittany Larson,joneschad@example.net,(644)404-8658
1371,Jacob Walker,morrowjennifer@example.org,854.393.3856
1372,Hunter Francis,christopher87@example.com,213-870-4913x6760
1373,Sara Ford,oliviamendoza@example.org,001-337-224-3370x91216
1374,Walter Allen,manueldavis@example.net,2594808804
1375,Steve Fitzpatrick,zgregory@example.com,(412)611-5127x50762
1376,James Warner,matthewwall@example.net,(945)793-9258x919
1377,Brian Chavez,davidhiggins@example.net,(713)970-6476
1378,Terry Greene,wilkinssteven@example.com,001-208-643-4683
1379,Barry Kennedy,sally03@example.com,001-372-818-1923x938
1380,Hannah Carter,megan86@example.com,(896)944-8840x8996
1381,Robert Bell,larryreed@example.net,001-581-335-6143x94810
1382,Thomas Sanchez,michael64@example.com,205-887-3409x3731
1383,Tracy Jordan,xmedina@example.org,898-614-8475
1384,Kyle Davis,isaiahcain@example.net,733.875.8247
1385,Christian Young,ssims@example.org,7214342645
1386,Abigail Valenzuela,kellykaitlin@example.org,325.748.6135x37217
1387,Lisa Morse,tballard@example.com,+1-595-322-2335x857
1388,Jason Hill,stanleyblake@example.org,233-453-2572x7177
1389,Mr. Robert Craig,alexanderdaniel@example.com,(899)967-8297
1390,William Black,melinda65@example.com,701.300.9254x549
1391,Felicia Henry,esimmons@example.net,001-629-225-7527
1392,Carla Richardson,valdezmaria@example.com,(393)225-6244
1393,Raymond Mahoney,james85@example.org,+1-592-800-5279x5787
1394,Elizabeth Soto,ryanstephens@example.org,(273)976-3202x2104
1395,Sandra Ryan,gregory55@example.org,791.947.9609x277
1396,Emily Strong,riversjeffery@example.net,001-797-475-3075x6166
1397,Wendy Bender,vpeterson@example.net,794-956-6763
1398,Lisa Garcia,upratt@example.com,(392)335-2220x02762
1399,Zachary Brooks,kara16@example.com,548.937.4529
1400,Karen Hicks,wattsrussell@example.org,(905)201-8071
1401,James Thompson,chenry@example.net,+1-618-230-2988x2902
1402,Dennis Adams,ronald13@example.org,833.681.8639x55363
1403,Cassandra Johnson,brianweber@example.org,(282)609-9757
1404,Evelyn Harris,uwoods@example.com,001-594-641-8175x9638
1405,Pamela Watson,kgallegos@example.net,408.452.1279x1095
1406,Joseph Martin,taylormarsh@example.com,001-392-668-4934x1861
1407,Richard Bowman,katrina80@example.org,(765)212-1918x69349
1408,Lee Smith,asaunders@example.net,001-519-494-6128x41556
1409,Vicki Saunders,yjones@example.net,451-212-0487x121
1410,Jacob Owens,melissalin@example.com,+1-788-955-3698x1864
1411,Jared Waters,angelamyers@example.net,245.418.2862
1412,Austin Heath,sfreeman@example.com,001-246-535-5711
1413,Adrienne Avery,kennethmiller@example.org,702-899-6474x23365
1414,Debra Roberts,zcruz@example.com,761.834.8487
1415,Allen Barber,michael45@example.org,001-215-956-1472x783
1416,William Salinas,taylorpatricia@example.net,+1-552-821-7313x11583
1417,Joshua Boyd,tbrown@example.org,(384)331-8526
1418,Tara Adams,pmedina@example.com,+1-780-670-7516x211
1419,Carla Smith,ryan16@example.com,731.384.2603x9726
1420,William Torres,wanda77@example.com,(700)364-1965
1421,Richard Miller,caitlingibson@example.net,(726)454-6130x437
1422,Rita Burton,pdean@example.org,001-426-396-2177
1423,Kristen Hernandez,pacevictoria@example.com,001-601-886-8357
1424,Daniel Walker,xgonzales@example.net,963.339.9273
1425,Sean Petersen,nathanphillips@example.net,707-374-9177x361
1426,Christine Smith,michaellawrence@example.net,+1-750-842-7264x94727
1427,Melanie Hodge,walkerthomas@example.org,001-749-969-9254x39017
1428,Aaron Cross,michaelwilson@example.com,965.603.8338x816
1429,Edward Long,nicholas73@example.com,+1-490-761-8399
1430,Mr. Steven Barnes,zcollins@example.org,(474)470-9989
1431,Eddie Guerra,jenniferharris@example.org,3657429476
1432,Sonya Francis,kwhite@example.com,001-297-387-4348x487
1433,Melissa Fox,cfisher@example.com,244.643.9553
1434,Daniel Montgomery,brad35@example.com,227-864-9232x8936
1435,Justin Greer,evansmegan@example.org,001-450-389-0410
1436,John Reid,michelle53@example.net,747-524-1471x03044
1437,Alexander Knight,gmiller@example.org,558-473-6632x85166
1438,Angel Kelly,charles59@example.net,697-754-8843x373
1439,Raymond Stewart,sarah39@example.com,(614)695-3085
1440,Mark Marsh,andrea98@example.com,445-358-0407
1441,Kenneth Jones,ashleywilson@example.org,(837)303-8905x9634
1442,Angelica Mclean,nancy23@example.com,4254234744
1443,Jason Baker,brittany09@example.org,001-726-227-5912
1444,Shelley Love,shawnacarrillo@example.com,732-939-2975x86746
1445,Elizabeth Mcmillan,michaelcurtis@example.com,(477)463-9691
1446,William Johnston,uowens@example.net,(554)928-8787
1447,Joe Walters,chawkins@example.net,+1-269-773-8117x90755
1448,William Chan,jeanette82@example.org,+1-757-707-0657
1449,Steven Lopez,zrogers@example.org,893-996-0239
1450,Carolyn Gonzalez,ashleybarnes@example.net,481-373-6824x4627
1451,Dr. Jessica Lucas DVM,lauren10@example.net,507.293.3287x08784
1452,Dylan Williams,websterdebra@example.com,440-515-8706x190
1453,Aaron Lee,zgarcia@example.net,299-494-0402
1454,Robert Berg,matthewshepard@example.com,+1-350-754-7716
1455,Justin Schneider,mcdonaldkimberly@example.com,664.528.7126
1456,Ryan Williams,barbaracastillo@example.org,(796)848-6329x44414
1457,Julia Leonard,morenodavid@example.org,521.232.8059
1458,Vincent Contreras,reesedanielle@example.com,510-756-5363
1459,Terry Morse,renee81@example.com,332-753-2429
1460,James Moore,turnerrachel@example.com,337.718.7941x658
1461,Mr. Sean Green,brownkevin@example.net,6714843920
1462,Paul Snyder,ashleymorse@example.org,(699)906-8077x17987
1463,Samantha Rhodes,fduarte@example.org,001-679-854-7505x90682
1464,Jamie Solomon,olsonkimberly@example.com,001-408-652-7540x641
1465,James Vasquez,thomas11@example.com,266.591.7352
1466,Adam Fowler,james47@example.org,380.683.6997x33017
1467,Jeffrey Contreras,erikarussell@example.net,001-423-657-8523
1468,Pamela Paul,ryanlori@example.com,939.345.8993x3700
1469,Katherine Brown,amypatrick@example.org,(358)941-5543x3001
1470,Tracey Pope,ogarcia@example.net,001-505-997-0796x854
1471,Jeffrey Collins,etorres@example.org,316.266.5553
1472,Sarah Morgan,patrickirwin@example.net,(653)344-2051x5558
1473,Mr. Jason Davis,markcooper@example.org,+1-561-435-8908x666
1474,Heather Gibson,campbellrandall@example.com,001-312-837-8715x79838
1475,Gregory Stone,amyadams@example.net,001-947-370-5770x262
1476,Jennifer Fitzpatrick,reynoldsjeffrey@example.org,559.859.8920
1477,Christopher Chavez,martineztina@example.org,001-692-975-7735x4631
1478,Andrew Dunn,anna08@example.org,467.684.8746x513
1479,Christina Mitchell MD,john70@example.com,258.693.6742x924
1480,David Horne,jessicamoore@example.org,+1-211-563-3185x6575
1481,Lori Johnson,stonedavid@example.org,+1-540-409-9839x9420
1482,Jessica Mora,carrillomario@example.net,471.880.3547
1483,Jeremy Hanson,cjoyce@example.net,(915)516-5924x8812
1484,Tyler Gutierrez,qrowe@example.org,(681)810-9677x266
1485,Lee Mitchell,lbennett@example.org,868-680-4412
1486,Michael Mejia,smithseth@example.net,396-250-8031
1487,Robert Norris,tjacobs@example.org,(921)372-6716x203
1488,Cynthia Parsons,desiree19@example.net,9545292574
1489,James Young,robertsmith@example.org,550-742-6094x8664
1490,Michelle Fleming,alexandrathompson@example.com,(754)286-3727x736
1491,Antonio Johnson,brett01@example.com,(719)541-9384x496
1492,Christopher Black,ryanmatthews@example.org,(619)839-0278x5900
1493,Timothy Watts,mherrera@example.net,(366)257-0139x89268
1494,Susan Mcintosh,bushisaiah@example.org,404-696-1123
1495,Tonya Stuart,samantha94@example.net,437-663-4243
1496,Tiffany Hanna,janice10@example.org,865-731-3190
1497,Mark Hall,amandacarr@example.org,(348)381-5667x241
1498,Tina Jackson,emiller@example.org,(424)916-8764
1499,Jessica Carter,sharon01@example.org,331.233.8999x33095
1500,Earl Phelps,ericsmith@example.org,447-519-9960
